Mean data for UKR  Province= 20: Sevastopol,  from 1981 to 2023, weekly for cropland area only
year,week,SMN,SMT,VCI,TCI,VHI
1982, 1, 0.054,263.39, 17.56, 67.52, 42.54
1982, 2, 0.056,264.47, 17.35, 64.82, 41.09
1982, 3, 0.059,265.96, 18.50, 60.91, 39.70
1982, 4, 0.061,268.24, 19.39, 54.00, 36.69
1982, 5, 0.066,269.84, 22.14, 49.24, 35.69
1982, 6, 0.074,271.57, 26.22, 45.14, 35.68
1982, 7, 0.083,273.61, 29.77, 42.07, 35.92
1982, 8, 0.095,276.21, 35.34, 36.81, 36.08
1982, 9, 0.103,279.05, 37.93, 30.42, 34.18
1982,10, 0.112,281.10, 39.71, 28.38, 34.04
1982,11, 0.124,282.70, 41.64, 27.16, 34.40
1982,12, 0.134,284.16, 41.17, 28.59, 34.88
1982,13, 0.141,285.35, 39.38, 32.59, 35.99
1982,14, 0.153,286.45, 37.52, 34.94, 36.23
1982,15, 0.165,287.81, 35.03, 36.54, 35.79
1982,16, 0.184,289.18, 33.72, 34.69, 34.20
1982,17, 0.212,290.49, 34.57, 35.45, 35.01
1982,18, 0.247,291.65, 37.95, 40.48, 39.21
1982,19, 0.283,292.99, 41.47, 37.38, 39.42
1982,20, 0.307,294.35, 43.19, 34.04, 38.61
1982,21, 0.324,295.33, 44.38, 31.78, 38.08
1982,22, 0.331,296.01, 43.50, 31.68, 37.59
1982,23, 0.335,296.62, 42.88, 31.34, 37.11
1982,24, 0.335,297.08, 42.74, 33.56, 38.15
1982,25, 0.332,297.24, 42.03, 39.05, 40.54
1982,26, 0.328,297.08, 42.60, 45.21, 43.90
1982,27, 0.323,296.93, 43.29, 48.37, 45.83
1982,28, 0.314,297.07, 43.16, 47.55, 45.36
1982,29, 0.313,297.33, 44.50, 47.18, 45.84
1982,30, 0.312,297.53, 46.07, 45.90, 45.98
1982,31, 0.309,297.55, 48.12, 45.80, 46.96
1982,32, 0.307,297.67, 49.96, 44.03, 47.00
1982,33, 0.303,297.46, 49.58, 43.79, 46.69
1982,34, 0.300,297.10, 50.45, 42.30, 46.38
1982,35, 0.300,296.68, 51.81, 37.56, 44.69
1982,36, 0.294,296.11, 51.65, 29.93, 40.79
1982,37, 0.283,295.41, 50.29, 24.64, 37.47
1982,38, 0.268,294.17, 47.94, 24.85, 36.39
1982,39, 0.251,292.80, 46.31, 24.54, 35.43
1982,40, 0.230,291.00, 44.12, 24.88, 34.50
1982,41, 0.205,289.23, 41.18, 25.26, 33.22
1982,42, 0.184,287.75, 40.48, 24.71, 32.60
1982,43, 0.162,285.68, 38.93, 25.11, 32.02
1982,44, 0.144,284.10, 37.34, 22.46, 29.90
1982,45, 0.125,282.38, 34.29, 23.05, 28.67
1982,46, 0.106,280.22, 29.40, 26.09, 27.74
1982,47, 0.088,278.60, 24.37, 25.52, 24.94
1982,48, 0.074,275.87, 20.78, 31.18, 25.98
1982,49, 0.065,273.47, 18.40, 36.10, 27.25
1982,50, 0.057,271.55, 16.31, 38.49, 27.40
1982,51, 0.054,269.62, 16.22, 43.36, 29.79
1982,52, 0.050,268.04, 15.27, 49.94, 32.61
1983, 1, 0.047,266.68, 12.97, 57.56, 35.26
1983, 2, 0.045,266.62, 11.10, 56.96, 34.03
1983, 3, 0.044,267.21,  9.62, 54.79, 32.20
1983, 4, 0.043,267.18,  8.75, 57.54, 33.15
1983, 5, 0.043,267.90,  8.74, 56.91, 32.83
1983, 6, 0.042,268.49,  7.52, 58.49, 33.00
1983, 7, 0.043,269.76,  6.49, 60.65, 33.57
1983, 8, 0.046,271.62,  7.87, 61.48, 34.67
1983, 9, 0.050,273.16,  9.53, 63.38, 36.46
1983,10, 0.058,275.70, 11.29, 59.56, 35.43
1983,11, 0.067,278.93, 13.59, 46.63, 30.11
1983,12, 0.078,281.27, 14.88, 40.47, 27.68
1983,13, 0.088,282.74, 15.88, 39.29, 27.58
1983,14, 0.102,283.51, 16.43, 41.13, 28.78
1983,15, 0.122,285.01, 18.57, 38.04, 28.31
1983,16, 0.142,286.29, 18.67, 36.40, 27.54
1983,17, 0.163,287.52, 18.13, 39.03, 28.58
1983,18, 0.181,288.56, 16.55, 45.88, 31.22
1983,19, 0.195,289.32, 13.48, 49.31, 31.40
1983,20, 0.203,289.59, 11.30, 56.76, 34.03
1983,21, 0.208,290.12,  9.15, 59.45, 34.30
1983,22, 0.212,290.83,  8.05, 61.92, 34.98
1983,23, 0.211,290.93,  6.98, 65.95, 36.46
1983,24, 0.210,291.05,  7.04, 70.71, 38.88
1983,25, 0.210,291.21,  8.27, 75.41, 41.84
1983,26, 0.209,291.44,  9.48, 79.09, 44.28
1983,27, 0.214,292.03, 12.27, 77.53, 44.90
1983,28, 0.224,292.86, 17.13, 72.53, 44.83
1983,29, 0.232,293.84, 20.45, 68.97, 44.71
1983,30, 0.237,294.32, 22.75, 69.29, 46.02
1983,31, 0.242,294.30, 26.72, 70.96, 48.84
1983,32, 0.245,294.39, 29.75, 70.12, 49.93
1983,33, 0.252,294.34, 32.52, 69.39, 50.95
1983,34, 0.260,294.66, 36.46, 64.16, 50.31
1983,35, 0.272,295.25, 41.36, 52.38, 46.87
1983,36, 0.270,294.91, 42.25, 42.12, 42.19
1983,37, 0.264,294.57, 42.60, 33.57, 38.08
1983,38, 0.252,294.04, 41.31, 27.67, 34.49
1983,39, 0.234,292.71, 39.12, 27.73, 33.42
1983,40, 0.216,291.08, 37.83, 27.75, 32.79
1983,41, 0.195,289.18, 36.35, 28.24, 32.29
1983,42, 0.173,287.20, 35.24, 30.25, 32.74
1983,43, 0.150,285.37, 33.39, 29.62, 31.50
1983,44, 0.125,282.94, 28.88, 31.99, 30.43
1983,45, 0.106,280.44, 25.36, 35.01, 30.18
1983,46, 0.089,277.93, 21.25, 38.47, 29.86
1983,47, 0.078,275.82, 19.35, 40.07, 29.71
1983,48, 0.070,274.22, 18.60, 40.51, 29.56
1983,49, 0.061,272.15, 16.51, 42.78, 29.64
1983,50, 0.053,269.43, 13.76, 47.97, 30.86
1983,51, 0.047,267.31, 11.82, 53.08, 32.45
1983,52, 0.045,265.43, 11.77, 59.63, 35.70
1984, 1, 0.046,264.04, 12.20, 66.59, 39.40
1984, 2, 0.045,264.03, 10.67, 66.20, 38.43
1984, 3, 0.044,264.50,  9.81, 65.75, 37.78
1984, 4, 0.044,265.49,  9.63, 64.81, 37.22
1984, 5, 0.045,266.21, 10.07, 64.05, 37.06
1984, 6, 0.050,267.51, 11.84, 62.34, 37.09
1984, 7, 0.053,269.63, 11.99, 60.28, 36.14
1984, 8, 0.056,271.33, 13.35, 61.44, 37.40
1984, 9, 0.060,272.98, 14.85, 62.84, 38.85
1984,10, 0.068,274.83, 16.62, 63.46, 40.04
1984,11, 0.083,277.49, 20.73, 57.45, 39.09
1984,12, 0.103,280.49, 25.75, 52.63, 39.19
1984,13, 0.128,283.43, 31.72, 45.39, 38.56
1984,14, 0.149,285.41, 34.16, 41.71, 37.93
1984,15, 0.170,287.60, 34.94, 36.62, 35.78
1984,16, 0.195,289.02, 35.93, 34.97, 35.45
1984,17, 0.228,290.18, 38.40, 36.82, 37.61
1984,18, 0.265,291.65, 42.81, 38.50, 40.66
1984,19, 0.305,293.18, 47.13, 32.29, 39.71
1984,20, 0.334,294.58, 50.36, 28.32, 39.34
1984,21, 0.354,295.44, 52.84, 28.29, 40.56
1984,22, 0.362,296.00, 52.21, 31.13, 41.67
1984,23, 0.363,296.76, 50.34, 30.65, 40.49
1984,24, 0.361,297.47, 48.92, 29.66, 39.29
1984,25, 0.355,298.03, 46.65, 30.24, 38.45
1984,26, 0.344,298.47, 44.75, 31.13, 37.94
1984,27, 0.326,298.82, 41.50, 30.63, 36.06
1984,28, 0.307,298.97, 38.22, 30.39, 34.31
1984,29, 0.293,299.14, 35.73, 30.37, 33.05
1984,30, 0.283,299.12, 33.85, 31.00, 32.43
1984,31, 0.273,298.80, 33.32, 33.05, 33.19
1984,32, 0.265,298.45, 32.93, 34.26, 33.60
1984,33, 0.263,298.19, 33.27, 33.88, 33.58
1984,34, 0.260,297.96, 34.69, 32.33, 33.51
1984,35, 0.257,297.42, 35.48, 29.31, 32.40
1984,36, 0.249,296.85, 35.57, 21.99, 28.78
1984,37, 0.239,296.52, 35.02, 13.33, 24.17
1984,38, 0.221,295.52, 32.43, 10.63, 21.53
1984,39, 0.201,293.97, 29.64, 12.40, 21.02
1984,40, 0.182,292.19, 27.95, 13.05, 20.50
1984,41, 0.165,289.79, 27.46, 18.53, 22.99
1984,42, 0.149,286.98, 27.90, 26.77, 27.34
1984,43, 0.129,283.68, 26.25, 34.93, 30.59
1984,44, 0.107,279.77, 22.11, 46.54, 34.33
1984,45, 0.089,275.94, 18.36, 56.07, 37.22
1984,46, 0.076,272.98, 15.58, 61.02, 38.30
1984,47, 0.068,271.13, 14.53, 61.18, 37.85
1984,48, 0.064,270.10, 15.59, 60.19, 37.89
1984,49, 0.063,270.70, 17.56, 51.69, 34.63
1984,50,-1.000, -1.00, -1.00, -1.00, -1.00
1984,51,-1.000, -1.00, -1.00, -1.00, -1.00
1984,52,-1.000, -1.00, -1.00, -1.00, -1.00
1985, 1,-1.000, -1.00, -1.00, -1.00, -1.00
1985, 2,-1.000, -1.00, -1.00, -1.00, -1.00
1985, 3,-1.000, -1.00, -1.00, -1.00, -1.00
1985, 4,-1.000, -1.00, -1.00, -1.00, -1.00
1985, 5,-1.000, -1.00, -1.00, -1.00, -1.00
1985, 6,-1.000, -1.00, -1.00, -1.00, -1.00
1985, 7,-1.000, -1.00, -1.00, -1.00, -1.00
1985, 8,-1.000, -1.00, -1.00, -1.00, -1.00
1985, 9, 0.051,275.17, 10.50, 51.49, 31.00
1985,10, 0.053,276.15,  9.21, 52.74, 30.97
1985,11, 0.059,277.92,  9.83, 52.53, 31.18
1985,12, 0.069,280.33, 10.79, 49.58, 30.18
1985,13, 0.084,282.78, 13.08, 44.96, 29.02
1985,14, 0.101,284.74, 15.14, 39.41, 27.28
1985,15, 0.123,286.44, 17.37, 35.44, 26.41
1985,16, 0.152,288.05, 20.83, 29.88, 25.35
1985,17, 0.189,289.90, 25.40, 26.06, 25.73
1985,18, 0.228,291.91, 30.30, 24.94, 27.62
1985,19, 0.265,293.18, 34.17, 25.62, 29.90
1985,20, 0.299,294.48, 39.01, 26.31, 32.66
1985,21, 0.326,295.61, 43.75, 24.33, 34.04
1985,22, 0.342,296.23, 45.63, 27.10, 36.37
1985,23, 0.350,296.85, 46.04, 28.24, 37.14
1985,24, 0.354,297.20, 46.14, 31.66, 38.90
1985,25, 0.352,297.49, 45.51, 35.64, 40.58
1985,26, 0.345,297.61, 45.30, 39.76, 42.53
1985,27, 0.336,297.49, 45.10, 41.91, 43.51
1985,28, 0.330,297.62, 46.29, 40.53, 43.41
1985,29, 0.322,297.76, 46.15, 40.16, 43.15
1985,30, 0.313,297.66, 45.76, 40.15, 42.96
1985,31, 0.308,297.78, 47.57, 38.03, 42.80
1985,32, 0.305,297.69, 49.26, 36.25, 42.75
1985,33, 0.301,297.11, 49.05, 36.89, 42.97
1985,34, 0.291,295.88, 47.77, 40.07, 43.92
1985,35, 0.278,294.14, 46.28, 44.91, 45.60
1985,36, 0.270,292.40, 46.04, 49.38, 47.71
1985,37, 0.265,290.98, 46.37, 53.94, 50.15
1985,38, 0.257,289.82, 46.59, 57.09, 51.84
1985,39, 0.243,288.70, 45.83, 56.23, 51.03
1985,40, 0.227,287.47, 45.10, 50.63, 47.86
1985,41, 0.207,286.29, 43.65, 45.02, 44.34
1985,42, 0.188,285.06, 43.23, 41.63, 42.43
1985,43, 0.169,283.55, 42.66, 37.70, 40.18
1985,44, 0.157,282.30, 43.23, 33.20, 38.21
1985,45, 0.145,281.23, 43.20, 29.03, 36.11
1985,46, 0.130,278.94, 40.37, 32.35, 36.36
1985,47, 0.109,276.73, 34.63, 34.79, 34.71
1985,48, 0.092,274.67, 29.62, 37.72, 33.67
1985,49, 0.081,272.60, 27.19, 41.08, 34.13
1985,50, 0.071,270.11, 24.51, 45.62, 35.07
1985,51, 0.066,267.82, 24.43, 51.85, 38.14
1985,52, 0.063,266.62, 24.08, 56.74, 40.41
1986, 1, 0.066,266.95, 25.48, 56.31, 40.89
1986, 2, 0.071,267.88, 27.58, 51.57, 39.58
1986, 3, 0.080,270.21, 32.09, 42.40, 37.25
1986, 4, 0.091,272.85, 38.00, 32.85, 35.43
1986, 5, 0.102,274.94, 44.26, 25.66, 34.96
1986, 6, 0.107,276.94, 45.63, 19.91, 32.77
1986, 7, 0.110,277.92, 44.49, 21.45, 32.97
1986, 8, 0.112,279.23, 43.98, 22.69, 33.33
1986, 9, 0.117,280.68, 44.69, 23.54, 34.11
1986,10, 0.126,282.22, 45.94, 23.86, 34.90
1986,11, 0.136,283.93, 46.31, 22.29, 34.30
1986,12, 0.143,285.49, 44.89, 22.11, 33.50
1986,13, 0.155,286.88, 44.73, 21.29, 33.01
1986,14, 0.169,287.98, 44.10, 22.34, 33.22
1986,15, 0.186,288.40, 42.98, 27.30, 35.14
1986,16, 0.212,288.87, 43.60, 32.02, 37.81
1986,17, 0.240,289.44, 44.80, 38.35, 41.58
1986,18, 0.271,290.25, 46.90, 45.24, 46.07
1986,19, 0.296,291.48, 47.20, 43.83, 45.51
1986,20, 0.320,292.98, 48.83, 40.98, 44.90
1986,21, 0.341,294.24, 51.40, 37.35, 44.37
1986,22, 0.361,295.36, 53.87, 34.25, 44.06
1986,23, 0.374,296.69, 55.97, 27.57, 41.77
1986,24, 0.378,297.69, 56.15, 25.11, 40.63
1986,25, 0.377,298.37, 55.50, 24.81, 40.15
1986,26, 0.377,298.98, 56.30, 25.60, 40.95
1986,27, 0.370,299.55, 56.01, 25.57, 40.79
1986,28, 0.360,299.96, 54.96, 24.89, 39.92
1986,29, 0.351,300.27, 53.78, 24.54, 39.16
1986,30, 0.344,300.83, 53.11, 20.07, 36.59
1986,31, 0.337,301.30, 53.51, 14.71, 34.11
1986,32, 0.331,301.22, 54.32, 13.85, 34.09
1986,33, 0.328,301.10, 54.14, 12.02, 33.08
1986,34, 0.323,300.58, 54.69, 11.05, 32.87
1986,35, 0.311,299.69, 52.80, 10.23, 31.52
1986,36, 0.295,298.46, 50.06,  9.40, 29.73
1986,37, 0.277,297.02, 46.72, 10.53, 28.63
1986,38, 0.257,295.16, 43.53, 15.40, 29.47
1986,39, 0.235,293.11, 40.41, 21.78, 31.10
1986,40, 0.207,290.75, 35.64, 29.07, 32.35
1986,41, 0.175,288.50, 30.16, 32.78, 31.47
1986,42, 0.145,286.52, 25.53, 34.74, 30.14
1986,43, 0.116,284.06, 20.39, 36.76, 28.57
1986,44, 0.094,281.32, 16.34, 40.64, 28.49
1986,45, 0.079,279.13, 14.11, 41.63, 27.87
1986,46, 0.070,277.29, 13.08, 41.65, 27.37
1986,47, 0.066,275.18, 13.54, 43.36, 28.45
1986,48, 0.058,273.11, 12.43, 46.40, 29.42
1986,49, 0.052,270.74, 11.69, 50.58, 31.14
1986,50, 0.049,267.72, 11.19, 57.77, 34.48
1986,51, 0.045,265.41, 10.36, 64.63, 37.50
1986,52, 0.043,265.08, 10.42, 65.70, 38.06
1987, 1, 0.041,264.35,  8.75, 69.46, 39.11
1987, 2, 0.040,264.14,  7.77, 68.37, 38.07
1987, 3, 0.040,264.29,  7.23, 67.80, 37.51
1987, 4, 0.038,265.18,  5.68, 66.46, 36.07
1987, 5, 0.036,266.88,  4.31, 60.66, 32.49
1987, 6, 0.037,268.49,  4.21, 57.24, 30.73
1987, 7, 0.039,270.17,  3.75, 56.97, 30.36
1987, 8, 0.037,270.34,  2.80, 65.88, 34.34
1987, 9, 0.038,271.26,  2.91, 71.87, 37.39
1987,10, 0.043,272.77,  3.54, 76.56, 40.05
1987,11, 0.050,273.72,  4.43, 82.09, 43.26
1987,12, 0.061,276.88,  6.23, 78.54, 42.39
1987,13, 0.079,280.73,  9.92, 68.25, 39.09
1987,14, 0.098,283.18, 12.96, 62.97, 37.96
1987,15, 0.119,285.01, 14.50, 63.16, 38.83
1987,16, 0.141,286.48, 15.39, 63.24, 39.32
1987,17, 0.167,288.43, 16.30, 60.18, 38.24
1987,18, 0.192,290.21, 16.48, 56.10, 36.29
1987,19, 0.223,291.80, 19.06, 49.11, 34.09
1987,20, 0.249,292.98, 22.49, 46.00, 34.24
1987,21, 0.264,292.40, 23.87, 57.68, 40.77
1987,22, 0.278,292.40, 26.03, 64.86, 45.44
1987,23, 0.292,292.90, 29.68, 64.76, 47.22
1987,24, 0.309,293.80, 34.78, 63.72, 49.25
1987,25, 0.332,294.79, 42.35, 61.27, 51.81
1987,26, 0.349,295.61, 48.43, 58.43, 53.43
1987,27, 0.359,296.27, 53.11, 54.50, 53.80
1987,28, 0.374,297.16, 59.99, 47.02, 53.51
1987,29, 0.389,298.11, 66.08, 41.40, 53.74
1987,30, 0.393,298.51, 68.70, 39.34, 54.02
1987,31, 0.386,298.08, 69.13, 42.79, 55.96
1987,32, 0.379,297.54, 69.77, 46.38, 58.08
1987,33, 0.371,296.64, 68.44, 52.48, 60.46
1987,34, 0.360,295.77, 66.64, 56.32, 61.48
1987,35, 0.345,295.21, 63.72, 52.98, 58.35
1987,36, 0.329,294.37, 60.92, 46.60, 53.76
1987,37, 0.313,293.41, 58.33, 43.19, 50.76
1987,38, 0.293,292.34, 54.95, 42.58, 48.76
1987,39, 0.264,291.21, 49.81, 39.51, 44.66
1987,40, 0.230,289.91, 43.79, 33.64, 38.71
1987,41, 0.198,288.35, 38.47, 30.13, 34.30
1987,42, 0.163,285.18, 32.30, 38.59, 35.44
1987,43, 0.117,273.27, 56.83, 30.66, 43.74
1987,44, 0.097,277.99, 17.98, 53.70, 35.84
1987,45, 0.076,275.07, 12.72, 56.72, 34.72
1987,46, 0.061,273.20,  8.50, 56.92, 32.71
1987,47, 0.054,271.24,  7.91, 57.92, 32.91
1987,48, 0.049,269.74,  7.93, 59.31, 33.62
1987,49, 0.045,267.79,  7.69, 62.81, 35.25
1987,50, 0.043,266.78,  7.36, 61.64, 34.50
1987,51, 0.042,266.67,  8.32, 59.48, 33.90
1987,52, 0.042,267.37,  9.47, 55.92, 32.70
1988, 1, 0.042,268.19,  9.87, 52.44, 31.16
1988, 2, 0.043,269.45,  9.94, 45.06, 27.50
1988, 3, 0.046,269.90, 11.27, 43.43, 27.35
1988, 4, 0.052,270.96, 14.74, 41.01, 27.88
1988, 5, 0.060,272.92, 19.47, 34.48, 26.97
1988, 6, 0.066,274.80, 21.81, 29.48, 25.64
1988, 7, 0.072,276.83, 23.30, 26.20, 24.75
1988, 8, 0.080,278.22, 26.77, 26.90, 26.84
1988, 9, 0.086,278.93, 28.34, 31.15, 29.75
1988,10, 0.092,279.60, 28.51, 34.56, 31.53
1988,11, 0.104,280.64, 30.92, 35.44, 33.18
1988,12, 0.118,282.06, 33.00, 38.27, 35.63
1988,13, 0.138,284.03, 36.30, 39.20, 37.75
1988,14, 0.161,285.99, 39.28, 39.13, 39.21
1988,15, 0.179,287.13, 38.80, 43.10, 40.95
1988,16, 0.202,287.67, 38.33, 49.96, 44.14
1988,17, 0.223,288.41, 36.53, 58.99, 47.76
1988,18, 0.237,289.12, 32.68, 65.82, 49.25
1988,19, 0.243,289.45, 27.18, 70.56, 48.87
1988,20, 0.253,290.02, 25.33, 73.07, 49.20
1988,21, 0.267,290.79, 26.32, 72.63, 49.48
1988,22, 0.283,291.63, 28.42, 73.05, 50.74
1988,23, 0.294,292.51, 30.38, 70.49, 50.43
1988,24, 0.304,293.61, 33.04, 68.14, 50.59
1988,25, 0.312,294.38, 35.66, 67.38, 51.52
1988,26, 0.316,295.42, 38.17, 62.27, 50.22
1988,27, 0.317,296.64, 40.59, 52.95, 46.77
1988,28, 0.314,297.27, 42.16, 46.86, 44.51
1988,29, 0.314,297.96, 43.76, 42.41, 43.08
1988,30, 0.317,298.61, 45.83, 38.54, 42.19
1988,31, 0.309,298.71, 45.89, 37.27, 41.58
1988,32, 0.295,298.54, 43.71, 37.38, 40.54
1988,33, 0.288,298.23, 42.26, 37.75, 40.00
1988,34, 0.273,297.18, 39.42, 42.18, 40.80
1988,35, 0.261,295.67, 37.64, 47.44, 42.54
1988,36, 0.257,294.08, 38.50, 48.83, 43.67
1988,37, 0.249,292.47, 38.17, 51.71, 44.94
1988,38, 0.246,290.96, 40.35, 55.40, 47.87
1988,39, 0.244,289.38, 43.39, 55.25, 49.32
1988,40, 0.235,287.33, 45.85, 53.67, 49.76
1988,41, 0.224,285.49, 48.00, 52.06, 50.03
1988,42, 0.196,281.93, 45.26, 60.47, 52.87
1988,43, 0.159,277.95, 37.84, 65.72, 51.78
1988,44, 0.122,274.48, 28.61, 68.40, 48.50
1988,45, 0.092,271.21, 19.88, 71.25, 45.57
1988,46, 0.076,268.96, 15.63, 71.32, 43.48
1988,47, 0.060,267.52, 10.82, 68.79, 39.80
1988,48, 0.051,266.86,  9.47, 64.85, 37.16
1988,49, 0.053,267.10, 12.26, 59.07, 35.67
1988,50, 0.048,267.20, 10.83, 53.23, 32.03
1988,51, 0.044,267.61, 10.79, 48.96, 29.88
1988,52, 0.046,268.39, 13.07, 45.10, 29.08
1989, 1, 0.048,269.14, 13.87, 42.67, 28.27
1989, 2, 0.048,270.02, 13.53, 38.82, 26.17
1989, 3, 0.048,270.69, 13.17, 37.34, 25.25
1989, 4, 0.050,271.87, 14.71, 34.75, 24.73
1989, 5, 0.053,272.99, 16.67, 32.50, 24.58
1989, 6, 0.055,273.61, 17.40, 33.43, 25.41
1989, 7, 0.058,274.45, 17.69, 35.21, 26.45
1989, 8, 0.064,275.62, 20.43, 35.89, 28.16
1989, 9, 0.071,276.79, 22.62, 36.20, 29.41
1989,10, 0.079,278.16, 24.15, 35.71, 29.93
1989,11, 0.088,279.36, 24.94, 35.94, 30.44
1989,12, 0.101,280.82, 26.88, 36.91, 31.89
1989,13, 0.122,282.56, 31.68, 34.83, 33.26
1989,14, 0.143,283.81, 33.96, 36.56, 35.26
1989,15, 0.171,285.56, 37.88, 36.86, 37.37
1989,16, 0.212,288.54, 43.83, 25.65, 34.74
1989,17, 0.244,290.54, 44.45, 22.75, 33.60
1989,18, 0.264,291.72, 42.88, 26.38, 34.63
1989,19, 0.277,292.36, 39.55, 30.68, 35.11
1989,20, 0.286,293.23, 36.84, 31.48, 34.16
1989,21, 0.290,294.05, 34.77, 30.71, 32.74
1989,22, 0.290,294.51, 31.86, 34.01, 32.94
1989,23, 0.286,294.82, 28.95, 38.15, 33.55
1989,24, 0.285,295.52, 28.11, 38.66, 33.39
1989,25, 0.282,296.17, 27.79, 39.42, 33.60
1989,26, 0.277,296.84, 27.67, 37.06, 32.37
1989,27, 0.266,296.50, 26.20, 42.29, 34.25
1989,28, 0.259,296.98, 27.28, 38.39, 32.83
1989,29, 0.255,297.96, 28.09, 30.75, 29.42
1989,30, 0.240,297.84, 25.69, 31.34, 28.52
1989,31, 0.226,297.77, 24.61, 31.01, 27.81
1989,32, 0.213,297.12, 23.02, 32.97, 28.00
1989,33, 0.197,295.63, 19.48, 39.60, 29.54
1989,34, 0.186,293.75, 18.16, 46.02, 32.09
1989,35, 0.178,292.21, 17.92, 50.59, 34.25
1989,36, 0.167,290.41, 16.19, 55.72, 35.95
1989,37, 0.159,289.14, 15.21, 58.18, 36.70
1989,38, 0.157,288.12, 16.65, 58.55, 37.60
1989,39, 0.157,287.46, 19.15, 52.76, 35.95
1989,40, 0.157,286.45, 22.55, 48.25, 35.40
1989,41, 0.158,285.58, 27.01, 41.92, 34.46
1989,42, 0.155,284.60, 31.63, 37.39, 34.51
1989,43, 0.150,283.48, 34.90, 33.31, 34.11
1989,44, 0.137,282.42, 35.12, 29.60, 32.36
1989,45, 0.116,279.76, 30.51, 35.15, 32.83
1989,46, 0.091,275.95, 22.37, 46.55, 34.46
1989,47, 0.076,273.23, 18.19, 51.55, 34.87
1989,48, 0.067,271.24, 16.93, 54.28, 35.61
1989,49, 0.059,269.84, 15.08, 53.70, 34.39
1989,50, 0.053,268.89, 13.24, 51.40, 32.32
1989,51, 0.051,268.49, 14.58, 49.58, 32.08
1989,52, 0.050,268.55, 15.26, 48.23, 31.74
1990, 1, 0.048,268.46, 14.37, 48.20, 31.28
1990, 2, 0.050,269.37, 14.53, 41.91, 28.22
1990, 3, 0.052,270.40, 15.47, 37.56, 26.51
1990, 4, 0.057,271.77, 17.95, 33.69, 25.82
1990, 5, 0.060,273.52, 19.28, 28.50, 23.89
1990, 6, 0.063,274.98, 20.15, 26.09, 23.12
1990, 7, 0.071,276.55, 23.26, 24.71, 23.98
1990, 8, 0.081,278.44, 28.08, 21.92, 25.00
1990, 9, 0.088,279.82, 30.38, 22.29, 26.33
1990,10, 0.382,289.77, 82.83, 64.47, 73.65
1990,11, 0.108,283.40, 34.17, 17.88, 26.02
1990,12, 0.123,285.43, 37.00, 15.30, 26.15
1990,13, 0.142,287.08, 40.23, 13.88, 27.06
1990,14, 0.156,288.02, 39.15, 16.98, 28.06
1990,15, 0.168,288.37, 36.59, 23.77, 30.18
1990,16, 0.183,288.37, 34.08, 32.14, 33.11
1990,17, 0.205,289.05, 33.02, 38.51, 35.76
1990,18, 0.228,290.12, 32.47, 43.88, 38.18
1990,19, 0.252,291.54, 32.99, 39.96, 36.47
1990,20, 0.274,292.60, 34.81, 39.81, 37.31
1990,21, 0.290,293.65, 36.62, 36.74, 36.68
1990,22, 0.294,294.37, 34.68, 37.11, 35.90
1990,23, 0.292,294.68, 32.02, 38.51, 35.27
1990,24, 0.287,295.18, 29.37, 39.60, 34.48
1990,25, 0.285,296.36, 29.01, 34.77, 31.89
1990,26, 0.283,297.40, 30.02, 28.93, 29.47
1990,27, 0.272,297.84, 28.98, 27.56, 28.27
1990,28, 0.263,297.80, 29.00, 28.96, 28.98
1990,29, 0.254,298.00, 27.88, 30.04, 28.96
1990,30, 0.245,298.35, 27.04, 29.98, 28.51
1990,31, 0.238,298.32, 27.78, 30.54, 29.16
1990,32, 0.230,298.13, 27.60, 31.85, 29.72
1990,33, 0.231,297.90, 28.22, 31.65, 29.94
1990,34, 0.232,297.36, 29.51, 31.04, 30.28
1990,35, 0.227,296.49, 29.44, 30.07, 29.75
1990,36, 0.222,295.26, 29.61, 27.97, 28.79
1990,37, 0.220,294.15, 31.11, 26.35, 28.73
1990,38, 0.213,292.80, 32.11, 25.55, 28.83
1990,39, 0.205,291.00, 32.95, 26.29, 29.62
1990,40, 0.191,289.25, 33.01, 26.30, 29.65
1990,41, 0.176,287.57, 33.33, 25.55, 29.44
1990,42, 0.154,285.38, 31.75, 28.09, 29.92
1990,43, 0.132,283.08, 28.95, 29.93, 29.44
1990,44, 0.114,281.15, 26.40, 29.08, 27.74
1990,45, 0.098,279.88, 23.47, 26.32, 24.90
1990,46, 0.085,278.25, 20.16, 27.48, 23.82
1990,47, 0.073,275.99, 17.39, 30.12, 23.76
1990,48, 0.064,274.20, 15.86, 31.45, 23.65
1990,49, 0.060,272.68, 16.04, 33.21, 24.63
1990,50, 0.058,271.27, 16.74, 34.23, 25.49
1990,51, 0.056,270.84, 18.11, 33.56, 25.84
1990,52, 0.056,270.95, 19.67, 32.67, 26.17
1991, 1, 0.057,271.18, 20.01, 33.04, 26.53
1991, 2, 0.058,271.36, 19.74, 32.83, 26.29
1991, 3, 0.060,270.96, 20.06, 36.07, 28.07
1991, 4, 0.061,270.63, 20.26, 39.81, 30.04
1991, 5, 0.062,270.80, 20.52, 41.88, 31.20
1991, 6, 0.061,271.24, 19.21, 44.23, 31.72
1991, 7, 0.060,271.37, 16.57, 50.40, 33.48
1991, 8, 0.061,271.96, 16.71, 55.37, 36.04
1991, 9, 0.066,273.26, 18.61, 57.52, 38.07
1991,10, 0.075,275.46, 20.34, 56.03, 38.18
1991,11, 0.077,276.55, 18.39, 58.81, 38.60
1991,12, 0.083,278.32, 17.35, 59.42, 38.38
1991,13, 0.093,280.05, 17.21, 59.63, 38.42
1991,14, 0.104,281.77, 16.88, 56.79, 36.84
1991,15, 0.122,283.63, 17.65, 54.85, 36.25
1991,16, 0.144,285.38, 18.85, 50.93, 34.89
1991,17, 0.174,287.23, 21.24, 48.55, 34.90
1991,18, 0.209,289.33, 25.08, 48.35, 36.71
1991,19, 0.238,290.70, 26.70, 47.34, 37.02
1991,20, 0.261,291.49, 28.81, 51.21, 40.01
1991,21, 0.280,292.29, 31.75, 52.29, 42.02
1991,22, 0.294,293.26, 33.73, 50.05, 41.89
1991,23, 0.303,294.37, 35.32, 44.47, 39.90
1991,24, 0.302,294.89, 34.34, 45.22, 39.78
1991,25, 0.302,295.64, 34.41, 44.06, 39.24
1991,26, 0.304,296.55, 36.54, 40.25, 38.39
1991,27, 0.303,297.45, 38.11, 34.67, 36.39
1991,28, 0.301,298.19, 40.17, 30.48, 35.32
1991,29, 0.298,298.69, 40.62, 28.49, 34.56
1991,30, 0.296,299.21, 41.57, 25.62, 33.60
1991,31, 0.282,299.09, 40.14, 25.93, 33.04
1991,32, 0.265,298.54, 37.42, 29.42, 33.42
1991,33, 0.252,297.98, 34.40, 32.46, 33.43
1991,34, 0.248,297.32, 34.61, 33.48, 34.04
1991,35, 0.244,296.33, 34.72, 33.83, 34.27
1991,36, 0.240,295.15, 34.99, 31.19, 33.09
1991,37, 0.238,294.23, 36.66, 28.09, 32.38
1991,38, 0.231,293.58, 37.60, 23.39, 30.49
1991,39, 0.215,292.23, 35.90, 22.20, 29.05
1991,40, 0.194,290.21, 33.46, 23.97, 28.72
1991,41, 0.171,287.38, 30.61, 31.17, 30.89
1991,42, 0.151,283.78, 29.59, 44.75, 37.17
1991,43, 0.132,280.93, 28.27, 47.90, 38.08
1991,44, 0.112,278.46, 24.78, 47.55, 36.16
1991,45, 0.097,275.96, 22.34, 48.78, 35.56
1991,46, 0.085,274.10, 20.25, 48.99, 34.62
1991,47, 0.074,271.82, 17.98, 51.03, 34.51
1991,48, 0.064,268.38, 15.42, 60.77, 38.10
1991,49, 0.056,265.00, 13.72, 70.27, 42.00
1991,50, 0.054,262.88, 14.51, 73.90, 44.20
1991,51, 0.052,262.36, 15.44, 74.68, 45.06
1991,52, 0.049,262.55, 14.80, 74.03, 44.42
1992, 1, 0.048,261.56, 13.45, 79.74, 46.60
1992, 2, 0.046,260.25, 11.65, 84.34, 48.00
1992, 3, 0.045,258.94, 10.40, 89.75, 50.07
1992, 4, 0.045,258.81, 10.27, 93.30, 51.79
1992, 5, 0.044,258.77,  9.50, 95.43, 52.46
1992, 6, 0.044,259.74,  8.15, 95.92, 52.03
1992, 7, 0.045,261.93,  7.24, 96.00, 51.62
1992, 8, 0.046,264.46,  7.53, 95.67, 51.60
1992, 9, 0.046,267.05,  7.48, 94.02, 50.75
1992,10, 0.050,269.59,  7.00, 91.79, 49.40
1992,11, 0.058,271.90,  8.64, 85.77, 47.21
1992,12, 0.069,274.52, 10.01, 82.01, 46.01
1992,13, 0.077,276.11,  9.99, 80.36, 45.18
1992,14, 0.085,277.45,  9.03, 78.79, 43.91
1992,15, 0.099,278.85,  8.58, 82.49, 45.54
1992,16, 0.117,281.06,  8.73, 79.28, 44.01
1992,17, 0.142,283.83, 10.00, 73.12, 41.56
1992,18, 0.167,285.63, 11.00, 75.10, 43.05
1992,19, 0.191,287.30, 11.75, 72.28, 42.02
1992,20, 0.218,288.60, 15.29, 71.94, 43.61
1992,21, 0.237,289.16, 17.62, 74.15, 45.89
1992,22, 0.246,290.01, 17.81, 73.91, 45.86
1992,23, 0.248,289.91, 17.08, 78.44, 47.76
1992,24, 0.252,290.77, 18.50, 76.98, 47.74
1992,25, 0.251,291.87, 19.46, 68.31, 43.89
1992,26, 0.236,291.40, 16.98, 68.58, 42.78
1992,27, 0.217,290.76, 13.61, 67.76, 40.69
1992,28, 0.201,290.14, 11.94, 66.32, 39.13
1992,29, 0.190,289.84, 10.60, 66.99, 38.80
1992,30, 0.180,290.03,  9.34, 67.01, 38.17
1992,31, 0.167,290.38,  8.62, 67.54, 38.08
1992,32, 0.158,290.79,  8.92, 67.90, 38.41
1992,33, 0.155,291.40,  9.21, 67.04, 38.13
1992,34, 0.147,290.97,  8.76, 70.23, 39.50
1992,35, 0.139,290.40,  7.50, 71.20, 39.35
1992,36, 0.130,288.30,  5.77, 77.00, 41.38
1992,37, 0.128,286.40,  5.46, 82.07, 43.77
1992,38, 0.124,284.44,  5.67, 85.06, 45.37
1992,39, 0.116,281.07,  5.02, 91.84, 48.43
1992,40, 0.105,277.85,  4.60, 94.28, 49.44
1992,41, 0.093,274.68,  4.38, 93.89, 49.14
1992,42, 0.081,272.18,  5.07, 92.57, 48.82
1992,43, 0.072,269.10,  5.44, 94.21, 49.83
1992,44, 0.066,266.99,  5.95, 93.30, 49.63
1992,45, 0.060,265.16,  6.48, 89.42, 47.95
1992,46, 0.057,264.74,  7.06, 84.62, 45.84
1992,47, 0.052,263.99,  7.22, 81.92, 44.57
1992,48, 0.051,263.39,  9.16, 79.92, 44.54
1992,49, 0.051,263.10, 11.08, 77.37, 44.22
1992,50, 0.049,263.11, 11.13, 72.49, 41.81
1992,51, 0.048,263.96, 12.39, 67.37, 39.88
1992,52, 0.048,264.08, 13.56, 66.38, 39.97
1993, 1, 0.049,265.23, 14.35, 62.36, 38.36
1993, 2, 0.051,266.87, 14.94, 54.26, 34.60
1993, 3, 0.054,268.15, 16.48, 49.84, 33.16
1993, 4, 0.060,268.67, 19.92, 50.35, 35.14
1993, 5, 0.064,269.81, 21.97, 48.30, 35.14
1993, 6, 0.068,271.88, 23.41, 42.51, 32.96
1993, 7, 0.074,274.90, 25.10, 34.83, 29.97
1993, 8, 0.082,277.95, 28.49, 27.81, 28.15
1993, 9, 0.091,280.05, 31.31, 25.71, 28.51
1993,10, 0.099,281.88, 32.63, 24.73, 28.68
1993,11, 0.107,283.23, 32.70, 25.11, 28.91
1993,12, 0.117,284.77, 32.61, 26.33, 29.47
1993,13, 0.128,286.05, 32.14, 30.39, 31.26
1993,14, 0.142,287.37, 31.83, 32.89, 32.36
1993,15, 0.163,288.55, 32.52, 35.29, 33.90
1993,16, 0.187,289.03, 33.20, 41.68, 37.44
1993,17, 0.214,289.55, 33.90, 49.74, 41.82
1993,18, 0.240,290.30, 34.14, 57.25, 45.69
1993,19, 0.270,291.18, 35.68, 58.59, 47.13
1993,20, 0.304,292.11, 40.65, 59.89, 50.27
1993,21, 0.337,292.96, 47.44, 59.31, 53.38
1993,22, 0.365,293.56, 53.56, 60.09, 56.82
1993,23, 0.387,294.56, 59.23, 55.45, 57.34
1993,24, 0.396,295.29, 61.61, 55.08, 58.34
1993,25, 0.397,295.78, 61.80, 56.19, 59.00
1993,26, 0.391,296.33, 60.86, 54.15, 57.51
1993,27, 0.389,296.90, 62.18, 50.52, 56.35
1993,28, 0.385,297.47, 63.46, 45.74, 54.60
1993,29, 0.377,297.95, 62.85, 42.26, 52.56
1993,30, 0.366,298.26, 61.76, 39.42, 50.59
1993,31, 0.351,298.26, 60.21, 38.60, 49.41
1993,32, 0.334,297.91, 57.86, 39.77, 48.81
1993,33, 0.321,297.20, 54.36, 43.29, 48.83
1993,34, 0.315,296.68, 54.20, 43.34, 48.77
1993,35, 0.315,296.24, 55.99, 38.09, 47.04
1993,36, 0.311,295.35, 56.80, 32.43, 44.62
1993,37, 0.298,294.20, 55.22, 29.96, 42.59
1993,38, 0.278,293.04, 51.79, 28.48, 40.14
1993,39, 0.251,292.10, 46.72, 23.51, 35.12
1993,40, 0.223,291.15, 41.92, 17.97, 29.94
1993,41, 0.194,289.99, 37.46, 15.57, 26.51
1993,42, 0.167,288.09, 34.33, 18.94, 26.63
1993,43, 0.145,285.64, 32.26, 23.39, 27.83
1993,44, 0.124,283.14, 29.36, 28.20, 28.78
1993,45, 0.105,280.87, 25.50, 31.85, 28.68
1993,46, 0.087,278.79, 20.52, 34.29, 27.40
1993,47, 0.070,277.69, 15.67, 31.99, 23.83
1993,48, 0.060,276.92, 13.59, 29.16, 21.38
1993,49, 0.055,275.96, 13.25, 27.71, 20.48
1993,50, 0.052,275.32, 13.22, 24.79, 19.00
1993,51, 0.049,275.18, 13.49, 21.24, 17.37
1993,52, 0.047,275.02, 13.71, 20.85, 17.28
1994, 1, 0.048,274.16, 14.06, 24.32, 19.18
1994, 2, 0.049,272.28, 14.26, 32.16, 23.21
1994, 3, 0.056,269.50, 17.64, 46.01, 31.83
1994, 4, 0.062,267.96, 21.01, 55.62, 38.32
1994, 5, 0.069,268.92, 24.66, 53.49, 39.07
1994, 6, 0.073,272.14, 26.04, 42.44, 34.24
1994, 7, 0.073,274.79, 23.79, 36.79, 30.29
1994, 8, 0.073,277.12, 23.11, 33.30, 28.21
1994, 9, 0.079,278.63, 24.80, 34.82, 29.81
1994,10, 0.087,279.96, 26.10, 38.13, 32.11
1994,11, 0.098,281.46, 28.32, 38.64, 33.48
1994,12, 0.113,283.28, 30.85, 39.41, 35.13
1994,13, 0.133,285.19, 34.68, 39.20, 36.94
1994,14, 0.156,286.81, 37.90, 37.87, 37.89
1994,15, 0.180,287.80, 39.91, 41.91, 40.91
1994,16, 0.212,288.39, 42.90, 47.51, 45.21
1994,17, 0.247,288.74, 46.11, 57.69, 51.90
1994,18, 0.289,289.51, 51.75, 65.62, 58.69
1994,19, 0.323,290.66, 54.79, 65.74, 60.27
1994,20, 0.352,291.75, 57.95, 63.87, 60.90
1994,21, 0.371,292.70, 60.63, 60.47, 60.55
1994,22, 0.385,293.55, 62.31, 58.97, 60.64
1994,23, 0.393,294.42, 63.08, 56.14, 59.61
1994,24, 0.394,295.07, 62.34, 56.78, 59.56
1994,25, 0.385,295.93, 59.29, 54.89, 57.09
1994,26, 0.375,297.06, 56.87, 48.03, 52.45
1994,27, 0.361,297.90, 54.05, 41.73, 47.89
1994,28, 0.342,298.28, 50.20, 39.20, 44.70
1994,29, 0.322,298.65, 45.42, 37.03, 41.22
1994,30, 0.305,298.83, 41.88, 35.77, 38.82
1994,31, 0.292,298.90, 40.40, 34.96, 37.68
1994,32, 0.281,298.86, 39.60, 33.88, 36.74
1994,33, 0.270,298.78, 37.16, 31.46, 34.31
1994,34, 0.261,298.80, 36.24, 25.87, 31.05
1994,35, 0.250,298.76, 34.93, 17.62, 26.28
1994,36, 0.256,299.59, 38.60,  5.98, 22.29
1994,37,-1.000, -1.00, -1.00, -1.00, -1.00
1994,38,-1.000, -1.00, -1.00, -1.00, -1.00
1994,39,-1.000, -1.00, -1.00, -1.00, -1.00
1994,40,-1.000, -1.00, -1.00, -1.00, -1.00
1994,41,-1.000, -1.00, -1.00, -1.00, -1.00
1994,42,-1.000, -1.00, -1.00, -1.00, -1.00
1994,43,-1.000, -1.00, -1.00, -1.00, -1.00
1994,44,-1.000, -1.00, -1.00, -1.00, -1.00
1994,45,-1.000, -1.00, -1.00, -1.00, -1.00
1994,46,-1.000, -1.00, -1.00, -1.00, -1.00
1994,47,-1.000, -1.00, -1.00, -1.00, -1.00
1994,48,-1.000, -1.00, -1.00, -1.00, -1.00
1994,49,-1.000, -1.00, -1.00, -1.00, -1.00
1994,50,-1.000, -1.00, -1.00, -1.00, -1.00
1994,51,-1.000, -1.00, -1.00, -1.00, -1.00
1994,52,-1.000, -1.00, -1.00, -1.00, -1.00
1995, 1,-1.000, -1.00, -1.00, -1.00, -1.00
1995, 2,-1.000, -1.00, -1.00, -1.00, -1.00
1995, 3,-1.000, -1.00, -1.00, -1.00, -1.00
1995, 4, 0.071,266.31, 26.97, 61.38, 44.18
1995, 5, 0.077,268.77, 29.74, 53.50, 41.62
1995, 6, 0.087,273.51, 34.62, 35.70, 35.16
1995, 7, 0.099,277.05, 39.28, 25.34, 32.31
1995, 8, 0.109,279.57, 43.60, 20.01, 31.81
1995, 9, 0.118,281.29, 45.85, 18.47, 32.16
1995,10, 0.127,282.40, 46.71, 19.87, 33.29
1995,11, 0.135,283.08, 46.72, 22.68, 34.70
1995,12, 0.147,284.04, 47.19, 25.87, 36.53
1995,13, 0.161,285.05, 47.07, 31.18, 39.13
1995,14, 0.179,286.37, 47.49, 35.07, 41.28
1995,15, 0.203,288.11, 48.70, 34.89, 41.80
1995,16, 0.230,289.88, 49.21, 29.50, 39.35
1995,17, 0.259,290.98, 49.51, 30.69, 40.10
1995,18, 0.288,291.87, 50.26, 36.40, 43.33
1995,19, 0.317,292.89, 50.49, 36.37, 43.43
1995,20, 0.346,293.87, 53.19, 37.21, 45.20
1995,21, 0.364,294.52, 54.91, 38.91, 46.91
1995,22, 0.377,295.38, 56.04, 37.63, 46.83
1995,23, 0.386,296.24, 57.79, 34.99, 46.39
1995,24, 0.382,296.72, 56.11, 35.81, 45.96
1995,25, 0.374,297.06, 54.13, 38.10, 46.12
1995,26, 0.369,297.21, 54.02, 41.06, 47.54
1995,27, 0.366,297.40, 55.47, 41.67, 48.57
1995,28, 0.365,297.80, 57.56, 39.31, 48.44
1995,29, 0.363,298.04, 58.43, 39.41, 48.92
1995,30, 0.361,298.23, 59.66, 38.98, 49.32
1995,31, 0.361,298.43, 62.11, 37.79, 49.95
1995,32, 0.356,298.52, 62.63, 36.36, 49.49
1995,33, 0.350,298.50, 61.10, 34.58, 47.84
1995,34, 0.343,298.17, 60.69, 32.75, 46.72
1995,35, 0.338,297.74, 60.95, 28.59, 44.77
1995,36, 0.333,296.96, 61.47, 23.33, 42.40
1995,37, 0.322,295.83, 60.45, 22.12, 41.28
1995,38, 0.312,294.36, 60.94, 25.33, 43.13
1995,39, 0.303,292.65, 62.40, 28.92, 45.66
1995,40, 0.289,290.96, 63.28, 28.94, 46.11
1995,41, 0.268,289.69, 62.57, 24.83, 43.70
1995,42, 0.242,288.33, 60.96, 22.73, 41.84
1995,43, 0.206,286.30, 55.11, 23.47, 39.29
1995,44, 0.170,283.89, 47.33, 26.53, 36.93
1995,45, 0.138,280.37, 38.93, 35.46, 37.19
1995,46, 0.107,277.90, 29.32, 38.37, 33.84
1995,47, 0.088,276.63, 23.88, 36.12, 30.00
1995,48, 0.075,275.10, 20.49, 37.04, 28.76
1995,49, 0.066,274.03, 18.75, 35.71, 27.23
1995,50, 0.060,273.42, 17.44, 32.14, 24.79
1995,51, 0.057,272.55, 18.29, 31.50, 24.89
1995,52, 0.055,271.28, 18.73, 35.25, 26.99
1996, 1, 0.058,271.20, 20.06, 34.88, 27.47
1996, 2, 0.061,271.67, 20.80, 32.24, 26.52
1996, 3, 0.064,271.90, 21.46, 32.92, 27.19
1996, 4, 0.065,271.80, 21.67, 35.80, 28.73
1996, 5, 0.066,271.88, 22.30, 37.82, 30.06
1996, 6, 0.066,271.49, 21.16, 43.07, 32.11
1996, 7, 0.067,272.39, 20.35, 45.91, 33.13
1996, 8, 0.070,273.65, 21.12, 48.43, 34.77
1996, 9, 0.078,275.61, 24.00, 48.55, 36.28
1996,10, 0.092,278.43, 28.44, 43.52, 35.98
1996,11, 0.108,280.92, 32.48, 38.58, 35.53
1996,12, 0.129,283.02, 37.21, 39.53, 38.37
1996,13, 0.152,285.15, 42.31, 39.19, 40.75
1996,14, 0.181,287.71, 47.46, 30.01, 38.74
1996,15, 0.209,289.53, 50.62, 26.00, 38.31
1996,16, 0.239,290.62, 52.29, 26.43, 39.36
1996,17, 0.279,292.14, 56.46, 23.31, 39.88
1996,18, 0.324,293.80, 62.33, 20.63, 41.48
1996,19, 0.365,295.03, 66.68, 16.96, 41.82
1996,20, 0.395,296.01, 69.29, 17.22, 43.26
1996,21, 0.410,296.58, 69.89, 19.73, 44.81
1996,22, 0.416,297.12, 68.83, 21.80, 45.31
1996,23, 0.418,297.93, 67.68, 19.24, 43.46
1996,24, 0.411,298.42, 64.63, 19.40, 42.02
1996,25, 0.401,299.18, 61.47, 16.88, 39.17
1996,26, 0.392,300.22, 59.47, 12.88, 36.18
1996,27, 0.374,300.60, 56.07, 13.50, 34.79
1996,28, 0.352,300.59, 52.00, 16.39, 34.20
1996,29, 0.331,300.46, 47.53, 19.67, 33.60
1996,30, 0.311,299.95, 43.47, 24.34, 33.91
1996,31, 0.294,299.20, 41.55, 30.16, 35.85
1996,32, 0.281,298.14, 40.35, 38.20, 39.27
1996,33, 0.271,297.03, 38.38, 45.93, 42.15
1996,34, 0.259,295.40, 36.82, 56.94, 46.88
1996,35, 0.248,293.54, 35.54, 66.18, 50.86
1996,36, 0.243,291.55, 35.87, 70.31, 53.09
1996,37, 0.239,289.91, 36.56, 72.67, 54.62
1996,38, 0.240,289.03, 39.71, 71.03, 55.37
1996,39, 0.242,288.33, 44.20, 63.29, 53.74
1996,40, 0.237,287.54, 48.04, 52.29, 50.16
1996,41, 0.229,286.64, 51.60, 42.65, 47.13
1996,42, 0.224,285.99, 56.56, 34.84, 45.70
1996,43, 0.218,285.34, 61.04, 26.48, 43.76
1996,44, 0.217,284.73, 67.08, 19.47, 43.28
1996,45, 0.208,283.37, 69.63, 18.63, 44.13
1996,46, 0.194,282.32, 69.11, 17.00, 43.06
1996,47, 0.178,282.06, 67.21, 11.38, 39.29
1996,48, 0.164,281.41, 65.27,  8.53, 36.90
1996,49, 0.148,279.83, 62.40, 10.67, 36.53
1996,50, 0.132,278.21, 59.73, 12.44, 36.09
1996,51, 0.120,277.20, 58.99, 12.34, 35.66
1996,52, 0.114,276.39, 58.56, 14.42, 36.49
1997, 1, 0.115,275.51, 59.46, 18.09, 38.78
1997, 2, 0.116,274.82, 58.46, 20.75, 39.60
1997, 3, 0.121,275.07, 59.96, 20.83, 40.39
1997, 4, 0.127,275.69, 61.83, 20.19, 41.01
1997, 5, 0.137,276.14, 66.99, 20.71, 43.85
1997, 6, 0.143,276.33, 68.61, 23.55, 46.08
1997, 7, 0.148,277.62, 67.77, 23.68, 45.73
1997, 8, 0.151,278.98, 66.45, 24.71, 45.58
1997, 9, 0.154,279.96, 64.30, 28.29, 46.30
1997,10, 0.152,280.76, 59.07, 33.53, 46.30
1997,11, 0.149,281.21, 52.62, 39.77, 46.20
1997,12, 0.151,281.84, 48.11, 48.17, 48.14
1997,13, 0.157,282.48, 45.07, 57.67, 51.37
1997,14, 0.170,283.36, 43.76, 62.20, 52.98
1997,15, 0.191,284.89, 44.02, 63.24, 53.63
1997,16, 0.218,286.74, 45.06, 58.12, 51.59
1997,17, 0.256,288.83, 48.81, 52.48, 50.64
1997,18, 0.302,290.61, 55.33, 52.20, 53.76
1997,19, 0.350,292.13, 62.29, 47.57, 54.93
1997,20, 0.380,293.32, 65.56, 44.96, 55.26
1997,21, 0.391,293.30, 65.87, 52.47, 59.17
1997,22, 0.398,293.49, 65.78, 57.83, 61.81
1997,23, 0.402,294.01, 65.91, 56.83, 61.37
1997,24, 0.395,294.14, 63.64, 62.39, 63.01
1997,25, 0.386,294.32, 61.74, 66.14, 63.94
1997,26, 0.379,294.36, 60.99, 68.71, 64.86
1997,27, 0.372,294.20, 60.63, 71.49, 66.06
1997,28, 0.364,293.99, 60.16, 72.56, 66.36
1997,29, 0.358,293.97, 60.34, 73.03, 66.69
1997,30, 0.356,294.09, 61.68, 72.35, 67.01
1997,31, 0.360,294.30, 65.99, 71.18, 68.58
1997,32, 0.362,294.20, 69.70, 71.89, 70.79
1997,33, 0.367,293.88, 71.94, 73.16, 72.55
1997,34, 0.377,293.52, 75.94, 72.70, 74.32
1997,35, 0.385,292.67, 79.12, 73.40, 76.26
1997,36, 0.391,291.74, 82.12, 68.24, 75.18
1997,37, 0.390,291.25, 84.15, 61.05, 72.60
1997,38, 0.379,290.16, 83.80, 61.07, 72.43
1997,39, 0.357,289.02, 81.32, 57.38, 69.35
1997,40, 0.323,287.11, 76.15, 55.46, 65.81
1997,41, 0.289,285.26, 71.12, 51.40, 61.26
1997,42, 0.263,284.03, 69.46, 46.46, 57.96
1997,43, 0.238,282.82, 67.60, 41.02, 54.31
1997,44, 0.210,282.04, 63.71, 34.26, 48.99
1997,45, 0.183,280.56, 58.25, 32.66, 45.45
1997,46, 0.154,279.21, 50.86, 31.38, 41.12
1997,47, 0.131,278.55, 44.60, 27.12, 35.86
1997,48, 0.107,276.20, 36.98, 31.64, 34.31
1997,49, 0.095,274.42, 34.19, 33.94, 34.07
1997,50, 0.093,273.83, 37.10, 31.19, 34.15
1997,51, 0.092,273.24, 40.63, 30.13, 35.38
1997,52, 0.088,272.86, 40.83, 30.33, 35.58
1998, 1, 0.084,272.38, 38.22, 31.49, 34.85
1998, 2, 0.087,272.26, 38.68, 31.08, 34.88
1998, 3, 0.094,272.67, 42.13, 30.55, 36.34
1998, 4, 0.104,273.02, 46.73, 31.52, 39.13
1998, 5, 0.115,273.38, 52.90, 32.88, 42.89
1998, 6, 0.131,274.02, 61.01, 34.03, 47.52
1998, 7, 0.149,275.96, 67.72, 31.82, 49.77
1998, 8, 0.160,277.94, 71.34, 30.40, 50.87
1998, 9, 0.168,278.70, 71.49, 35.70, 53.59
1998,10, 0.173,279.40, 69.81, 42.30, 56.06
1998,11, 0.185,280.76, 70.15, 44.14, 57.14
1998,12, 0.203,282.78, 72.44, 43.54, 57.99
1998,13, 0.223,284.73, 74.23, 42.97, 58.60
1998,14, 0.249,286.61, 76.72, 39.79, 58.26
1998,15, 0.283,288.09, 80.39, 40.15, 60.27
1998,16, 0.317,289.13, 81.68, 40.99, 61.34
1998,17, 0.353,289.83, 82.95, 47.31, 65.13
1998,18, 0.382,289.77, 82.83, 64.47, 73.65
1998,19, 0.408,290.37, 81.78, 68.91, 75.34
1998,20, 0.428,291.27, 81.21, 68.60, 74.90
1998,21, 0.441,291.76, 81.44, 70.08, 75.76
1998,22, 0.452,292.33, 82.49, 71.39, 76.94
1998,23, 0.458,293.08, 82.76, 69.29, 76.03
1998,24, 0.464,294.24, 84.05, 65.79, 74.92
1998,25, 0.473,295.32, 86.69, 61.36, 74.02
1998,26, 0.477,296.12, 88.19, 57.84, 73.02
1998,27, 0.478,297.02, 89.87, 51.02, 70.45
1998,28, 0.472,297.88, 90.11, 43.98, 67.05
1998,29, 0.464,298.54, 89.31, 39.35, 64.33
1998,30, 0.462,299.17, 90.38, 34.38, 62.38
1998,31, 0.454,299.43, 90.06, 31.97, 61.01
1998,32, 0.442,299.11, 88.98, 33.83, 61.41
1998,33, 0.433,298.47, 86.84, 37.08, 61.96
1998,34, 0.426,297.68, 86.10, 39.67, 62.88
1998,35, 0.416,296.94, 85.18, 38.50, 61.84
1998,36, 0.400,295.93, 82.57, 34.88, 58.73
1998,37, 0.381,294.74, 79.50, 33.72, 56.61
1998,38, 0.364,293.36, 77.57, 35.85, 56.71
1998,39, 0.345,291.83, 76.02, 37.48, 56.75
1998,40, 0.323,290.28, 74.50, 35.38, 54.94
1998,41, 0.299,288.56, 73.09, 33.61, 53.35
1998,42, 0.272,286.02, 71.48, 39.46, 55.47
1998,43, 0.244,283.67, 69.20, 41.24, 55.22
1998,44, 0.210,281.55, 62.99, 41.09, 52.04
1998,45, 0.177,278.55, 55.67, 45.77, 50.72
1998,46, 0.142,275.26, 45.29, 52.07, 48.68
1998,47, 0.114,272.28, 36.54, 56.42, 46.48
1998,48, 0.096,270.33, 31.20, 58.31, 44.76
1998,49, 0.084,269.88, 28.88, 53.97, 41.42
1998,50, 0.079,270.04, 28.97, 47.35, 38.16
1998,51, 0.081,271.52, 33.71, 37.20, 35.46
1998,52, 0.085,273.38, 39.05, 27.62, 33.33
1999, 1, 0.089,274.44, 41.71, 22.44, 32.07
1999, 2, 0.094,275.52, 44.13, 16.67, 30.40
1999, 3, 0.099,276.08, 45.28, 15.18, 30.23
1999, 4, 0.104,277.12, 47.41, 12.55, 29.98
1999, 5, 0.111,278.37, 51.28,  9.67, 30.48
1999, 6, 0.123,279.62, 56.80,  7.48, 32.14
1999, 7, 0.135,280.69, 59.99,  8.09, 34.04
1999, 8, 0.141,281.43, 60.93, 11.44, 36.19
1999, 9, 0.147,281.73, 60.83, 18.65, 39.74
1999,10, 0.154,282.16, 60.72, 25.92, 43.32
1999,11, 0.167,282.87, 61.75, 30.42, 46.09
1999,12, 0.185,284.09, 64.33, 33.77, 49.05
1999,13, 0.212,285.72, 69.74, 34.22, 51.98
1999,14, 0.239,286.70, 72.76, 37.41, 55.08
1999,15, 0.268,287.74, 75.06, 39.38, 57.22
1999,16, 0.297,288.62, 74.82, 39.24, 57.03
1999,17, 0.328,289.10, 74.69, 47.16, 60.92
1999,18, 0.359,289.74, 75.87, 56.37, 66.12
1999,19, 0.383,290.49, 74.58, 60.55, 67.57
1999,20, 0.401,291.14, 73.59, 66.14, 69.86
1999,21, 0.414,291.85, 74.25, 66.43, 70.34
1999,22, 0.421,292.52, 73.70, 67.54, 70.62
1999,23, 0.419,293.23, 71.73, 65.95, 68.84
1999,24, 0.413,293.79, 69.33, 68.16, 68.74
1999,25, 0.410,294.35, 68.75, 68.31, 68.53
1999,26, 0.414,295.31, 70.61, 61.71, 66.16
1999,27, 0.407,296.05, 70.44, 55.43, 62.93
1999,28, 0.401,296.57, 70.86, 51.21, 61.03
1999,29, 0.394,296.84, 70.77, 50.15, 60.46
1999,30, 0.392,297.39, 71.95, 46.74, 59.34
1999,31, 0.391,297.77, 74.00, 44.01, 59.01
1999,32, 0.385,297.67, 73.87, 44.05, 58.96
1999,33, 0.375,297.20, 70.31, 45.77, 58.04
1999,34, 0.366,296.31, 68.57, 50.03, 59.30
1999,35, 0.358,295.14, 67.69, 53.52, 60.60
1999,36, 0.352,294.18, 67.76, 49.52, 58.64
1999,37, 0.341,293.31, 66.50, 46.18, 56.34
1999,38, 0.327,292.23, 65.06, 47.03, 56.04
1999,39, 0.314,291.04, 65.21, 46.27, 55.74
1999,40, 0.293,289.15, 63.93, 47.03, 55.48
1999,41, 0.269,286.85, 62.39, 48.66, 55.52
1999,42, 0.241,285.21, 59.99, 46.37, 53.18
1999,43, 0.210,283.42, 55.99, 43.50, 49.75
1999,44, 0.186,281.10, 53.45, 44.15, 48.80
1999,45, 0.160,279.10, 48.45, 42.60, 45.53
1999,46, 0.129,277.61, 39.55, 40.01, 39.78
1999,47, 0.103,275.35, 31.15, 41.68, 36.42
1999,48, 0.086,272.54, 26.24, 47.32, 36.78
1999,49, 0.076,270.03, 24.25, 51.58, 37.92
1999,50, 0.066,268.15, 20.95, 53.00, 36.97
1999,51, 0.061,266.40, 21.00, 57.07, 39.03
1999,52, 0.061,265.04, 22.46, 62.19, 42.32
2000, 1, 0.061,263.85, 22.13, 67.19, 44.66
2000, 2, 0.063,264.68, 22.24, 64.33, 43.29
2000, 3, 0.066,266.55, 23.16, 58.05, 40.61
2000, 4, 0.072,268.03, 26.38, 54.71, 40.55
2000, 5, 0.079,269.06, 30.60, 52.88, 41.74
2000, 6, 0.088,270.54, 34.35, 50.08, 42.22
2000, 7, 0.097,272.74, 37.38, 47.06, 42.22
2000, 8, 0.105,274.06, 39.87, 48.93, 44.40
2000, 9, 0.112,275.03, 41.52, 53.09, 47.30
2000,10, 0.118,276.19, 41.66, 58.17, 49.91
2000,11, 0.131,277.82, 43.68, 59.11, 51.40
2000,12, 0.147,279.76, 46.26, 61.04, 53.65
2000,13, 0.170,282.09, 50.73, 60.24, 55.48
2000,14, 0.200,284.31, 56.08, 56.50, 56.29
2000,15, 0.233,286.48, 60.59, 54.62, 57.60
2000,16, 0.272,288.07, 64.64, 53.71, 59.18
2000,17, 0.325,289.21, 72.36, 56.52, 64.44
2000,18, 0.376,290.30, 80.00, 60.17, 70.09
2000,19, 0.414,291.25, 82.46, 61.43, 71.94
2000,20, 0.437,292.33, 82.35, 60.27, 71.31
2000,21, 0.448,293.46, 81.29, 55.92, 68.61
2000,22, 0.454,294.43, 79.90, 52.94, 66.42
2000,23, 0.452,295.08, 78.20, 51.31, 64.75
2000,24, 0.452,295.60, 77.64, 52.78, 65.21
2000,25, 0.448,296.24, 76.22, 51.86, 64.04
2000,26, 0.441,296.77, 74.93, 50.78, 62.86
2000,27, 0.432,297.27, 74.49, 48.12, 61.31
2000,28, 0.418,297.68, 73.00, 45.01, 59.01
2000,29, 0.404,297.93, 70.33, 43.76, 57.04
2000,30, 0.388,298.15, 67.57, 41.52, 54.55
2000,31, 0.372,298.09, 65.51, 41.30, 53.41
2000,32, 0.352,297.68, 62.32, 43.59, 52.96
2000,33, 0.336,297.23, 58.18, 45.31, 51.75
2000,34, 0.322,296.36, 55.43, 49.04, 52.23
2000,35, 0.304,294.85, 51.82, 55.76, 53.79
2000,36, 0.291,293.48, 49.39, 55.92, 52.65
2000,37, 0.279,292.61, 47.67, 52.44, 50.05
2000,38, 0.270,292.51, 48.07, 43.15, 45.61
2000,39, 0.257,292.42, 48.04, 31.79, 39.91
2000,40, 0.244,291.95, 49.06, 22.18, 35.62
2000,41, 0.221,291.15, 47.32, 16.15, 31.73
2000,42, 0.195,289.95, 44.85, 14.92, 29.89
2000,43, 0.159,288.76, 37.52, 11.75, 24.64
2000,44, 0.123,287.26, 28.35, 10.26, 19.31
2000,45, 0.083,285.78, 15.94, 10.35, 13.14
2000,46, 0.061,284.46,  9.30,  9.71,  9.50
2000,47, 0.046,282.77,  5.62, 10.65,  8.14
2000,48, 0.036,280.40,  4.04, 15.34,  9.69
2000,49, 0.033,278.51,  4.21, 18.18, 11.20
2000,50, 0.034,277.17,  4.64, 18.09, 11.36
2000,51, 0.044,276.82, 10.14, 15.40, 12.77
2000,52, 0.061,276.62, 22.92, 14.55, 18.73
2001, 1, 0.088,275.93, 41.44, 16.62, 29.03
2001, 2, 0.113,275.79, 56.55, 16.15, 36.35
2001, 3, 0.158,276.15, 81.47, 15.42, 48.45
2001, 4, 0.165,276.68, 83.70, 15.24, 49.47
2001, 5, 0.169,277.44, 84.92, 14.60, 49.76
2001, 6, 0.174,278.35, 85.05, 14.07, 49.56
2001, 7, 0.180,279.58, 84.87, 13.73, 49.30
2001, 8, 0.189,280.94, 86.07, 14.05, 50.06
2001, 9, 0.198,282.35, 86.94, 15.08, 51.01
2001,10, 0.210,284.05, 87.78, 14.16, 50.97
2001,11, 0.224,285.62, 88.15, 12.89, 50.52
2001,12, 0.239,287.27, 87.84, 11.96, 49.90
2001,13, 0.256,288.69, 87.31, 13.41, 50.36
2001,14, 0.275,289.46, 86.31, 17.79, 52.05
2001,15, 0.296,290.18, 85.19, 21.96, 53.57
2001,16, 0.323,291.11, 83.77, 22.03, 52.90
2001,17, 0.353,291.69, 82.43, 28.50, 55.46
2001,18, 0.385,292.27, 83.02, 37.88, 60.45
2001,19, 0.417,292.76, 83.38, 44.03, 63.70
2001,20, 0.440,293.30, 82.84, 48.36, 65.60
2001,21, 0.455,293.99, 83.27, 48.49, 65.88
2001,22, 0.463,294.67, 82.90, 49.09, 65.99
2001,23, 0.465,295.23, 81.96, 48.74, 65.35
2001,24, 0.465,296.02, 81.21, 47.50, 64.36
2001,25, 0.460,297.01, 79.52, 43.05, 61.28
2001,26, 0.454,298.11, 78.40, 36.28, 57.34
2001,27, 0.446,299.22, 77.78, 28.40, 53.09
2001,28, 0.435,300.01, 76.57, 23.57, 50.07
2001,29, 0.423,300.62, 74.48, 20.17, 47.33
2001,30, 0.411,300.99, 72.84, 17.43, 45.14
2001,31, 0.401,300.93, 72.84, 17.17, 45.01
2001,32, 0.386,300.33, 71.50, 20.88, 46.19
2001,33, 0.376,299.60, 69.26, 23.97, 46.61
2001,34, 0.372,298.76, 69.62, 26.00, 47.81
2001,35, 0.369,297.70, 70.71, 27.45, 49.08
2001,36, 0.371,296.40, 73.07, 26.97, 50.02
2001,37, 0.371,295.15, 75.80, 26.84, 51.32
2001,38, 0.368,293.99, 78.38, 26.66, 52.52
2001,39, 0.361,292.66, 80.95, 25.89, 53.42
2001,40, 0.345,290.57, 82.19, 29.58, 55.89
2001,41, 0.327,288.43, 83.42, 31.98, 57.70
2001,42, 0.305,286.56, 83.91, 33.23, 58.57
2001,43, 0.270,283.92, 79.95, 37.13, 58.54
2001,44, 0.230,281.30, 72.10, 39.93, 56.02
2001,45, 0.189,278.52, 61.61, 42.57, 52.09
2001,46, 0.152,275.62, 50.35, 46.82, 48.59
2001,47, 0.127,272.68, 43.01, 52.15, 47.58
2001,48, 0.101,269.24, 33.84, 60.52, 47.18
2001,49, 0.086,266.86, 29.65, 64.54, 47.09
2001,50, 0.078,265.14, 28.52, 65.76, 47.14
2001,51, 0.073,264.01, 28.42, 68.12, 48.27
2001,52, 0.073,263.36, 30.49, 70.98, 50.73
2002, 1, 0.074,263.68, 31.44, 70.64, 51.04
2002, 2, 0.083,265.89, 36.60, 60.05, 48.32
2002, 3, 0.103,269.38, 47.65, 45.30, 46.47
2002, 4, 0.123,273.15, 59.31, 31.08, 45.19
2002, 5, 0.141,275.84, 70.09, 21.52, 45.81
2002, 6, 0.158,277.98, 77.82, 15.46, 46.64
2002, 7, 0.174,280.02, 83.22, 11.71, 47.47
2002, 8, 0.187,281.50, 87.12, 11.51, 49.31
2002, 9, 0.197,282.62, 87.59, 13.58, 50.58
2002,10, 0.206,284.07, 87.47, 13.80, 50.63
2002,11, 0.217,285.27, 86.86, 14.64, 50.75
2002,12, 0.231,286.44, 86.34, 16.91, 51.62
2002,13, 0.246,287.47, 85.13, 20.86, 52.99
2002,14, 0.264,288.65, 83.32, 22.52, 52.92
2002,15, 0.287,289.73, 82.49, 24.67, 53.58
2002,16, 0.317,290.80, 82.20, 24.25, 53.22
2002,17, 0.352,291.99, 82.88, 24.57, 53.72
2002,18, 0.391,292.95, 85.82, 30.08, 57.95
2002,19, 0.425,293.79, 86.71, 31.48, 59.09
2002,20, 0.447,294.68, 85.98, 33.41, 59.69
2002,21, 0.459,295.21, 85.39, 36.14, 60.77
2002,22, 0.461,295.89, 83.08, 36.54, 59.81
2002,23, 0.460,296.56, 80.89, 35.63, 58.26
2002,24, 0.458,297.37, 79.21, 34.42, 56.81
2002,25, 0.455,298.32, 77.93, 30.40, 54.16
2002,26, 0.445,298.82, 75.53, 30.79, 53.16
2002,27, 0.435,299.13, 74.24, 31.59, 52.92
2002,28, 0.427,299.35, 73.83, 31.27, 52.55
2002,29, 0.414,299.00, 71.33, 35.66, 53.50
2002,30, 0.401,298.46, 69.49, 40.80, 55.15
2002,31, 0.395,297.91, 70.58, 45.39, 57.99
2002,32, 0.388,297.12, 71.47, 50.50, 60.99
2002,33, 0.383,296.27, 71.08, 55.73, 63.41
2002,34, 0.377,295.19, 71.65, 61.78, 66.71
2002,35, 0.372,294.07, 72.42, 64.40, 68.41
2002,36, 0.372,293.11, 74.27, 59.06, 66.66
2002,37, 0.368,291.99, 75.58, 57.12, 66.35
2002,38, 0.363,290.99, 77.66, 56.02, 66.84
2002,39, 0.358,289.83, 80.91, 53.49, 67.20
2002,40, 0.354,288.75, 86.08, 46.13, 66.10
2002,41, 0.343,287.72, 89.53, 38.02, 63.77
2002,42, 0.320,286.21, 89.99, 36.71, 63.35
2002,43, 0.296,285.21, 90.00, 30.34, 60.17
2002,44, 0.276,284.62, 90.64, 21.86, 56.25
2002,45, 0.255,283.87, 89.86, 17.54, 53.70
2002,46, 0.238,282.66, 89.02, 16.30, 52.66
2002,47, 0.224,281.16, 89.10, 16.36, 52.73
2002,48, 0.211,278.80, 88.43, 21.06, 54.75
2002,49, 0.195,276.09, 87.28, 27.61, 57.44
2002,50, 0.173,273.08, 84.83, 34.49, 59.66
2002,51, 0.155,270.33, 81.89, 42.54, 62.22
2002,52, 0.142,269.83, 78.20, 43.83, 61.01
2003, 1, 0.132,270.59, 71.42, 40.18, 55.80
2003, 2, 0.120,270.65, 60.92, 39.16, 50.04
2003, 3, 0.113,270.86, 54.15, 39.49, 46.82
2003, 4, 0.111,271.31, 51.26, 40.35, 45.80
2003, 5, 0.113,272.45, 51.71, 37.83, 44.77
2003, 6, 0.116,273.08, 51.50, 38.48, 44.99
2003, 7, 0.126,274.35, 54.48, 39.69, 47.08
2003, 8, 0.141,276.24, 60.74, 39.40, 50.07
2003, 9,-1.000, -1.00, -1.00, -1.00, -1.00
2003,10, 0.164,280.19, 65.23, 38.59, 51.91
2003,11, 0.177,281.30, 65.77, 41.42, 53.60
2003,12, 0.190,281.82, 65.82, 52.31, 59.06
2003,13, 0.208,284.07, 67.07, 51.16, 59.11
2003,14, 0.224,286.39, 65.26, 44.80, 55.03
2003,15, 0.242,288.06, 63.21, 43.60, 53.41
2003,16, 0.269,289.93, 63.00, 36.85, 49.93
2003,17, 0.302,291.91, 63.71, 30.10, 46.91
2003,18, 0.340,293.42, 66.90, 29.69, 48.30
2003,19, 0.376,294.62, 69.02, 27.00, 48.01
2003,20, 0.408,295.60, 71.96, 27.75, 49.86
2003,21, 0.435,296.12, 76.52, 30.20, 53.36
2003,22, 0.451,296.32, 79.01, 35.12, 57.06
2003,23, 0.461,296.47, 80.69, 39.24, 59.97
2003,24, 0.468,296.82, 82.47, 43.05, 62.76
2003,25, 0.470,297.07, 82.97, 47.13, 65.05
2003,26, 0.464,296.99, 81.75, 52.28, 67.01
2003,27, 0.450,296.71, 79.37, 56.24, 67.81
2003,28, 0.432,296.50, 76.30, 57.97, 67.13
2003,29, 0.416,296.20, 73.29, 60.58, 66.93
2003,30, 0.404,295.97, 71.89, 62.49, 67.19
2003,31, 0.404,296.02, 74.64, 62.55, 68.59
2003,32, 0.413,296.18, 80.20, 60.50, 70.35
2003,33, 0.418,296.08, 82.24, 59.28, 70.76
2003,34, 0.416,295.47, 83.18, 60.88, 72.03
2003,35, 0.408,294.54, 82.47, 61.75, 72.11
2003,36, 0.395,293.56, 80.67, 57.28, 68.98
2003,37, 0.384,292.84, 79.78, 52.38, 66.08
2003,38, 0.372,291.90, 79.15, 51.08, 65.11
2003,39, 0.355,290.90, 78.48, 47.43, 62.95
2003,40, 0.335,289.91, 77.81, 39.31, 58.56
2003,41, 0.305,288.66, 74.44, 33.41, 53.92
2003,42, 0.275,287.06, 71.74, 32.27, 52.01
2003,43, 0.248,285.18, 70.46, 30.93, 50.69
2003,44, 0.229,283.72, 70.51, 27.48, 49.00
2003,45, 0.215,282.77, 71.97, 23.06, 47.52
2003,46, 0.202,281.85, 72.19, 19.67, 45.93
2003,47, 0.184,280.60, 69.98, 18.14, 44.06
2003,48, 0.171,279.41, 68.19, 17.37, 42.78
2003,49, 0.159,278.40, 67.97, 16.39, 42.18
2003,50, 0.153,277.71, 72.36, 13.81, 43.09
2003,51, 0.150,276.90, 78.22, 12.96, 45.59
2003,52, 0.148,276.12, 81.10, 15.11, 48.11
2004, 1, 0.147,275.42, 80.11, 17.82, 48.97
2004, 2,-1.000, -1.00, -1.00, -1.00, -1.00
2004, 3,-1.000, -1.00, -1.00, -1.00, -1.00
2004, 4,-1.000, -1.00, -1.00, -1.00, -1.00
2004, 5, 0.134,273.93, 65.49, 29.93, 47.71
2004, 6, 0.128,273.02, 59.30, 37.99, 48.65
2004, 7, 0.131,273.18, 57.58, 44.70, 51.14
2004, 8, 0.144,274.40, 62.28, 48.27, 55.27
2004, 9, 0.167,276.93, 71.41, 45.39, 58.40
2004,10, 0.176,277.83, 71.31, 52.30, 61.80
2004,11,-1.000, -1.00, -1.00, -1.00, -1.00
2004,12,-1.000, -1.00, -1.00, -1.00, -1.00
2004,13,-1.000, -1.00, -1.00, -1.00, -1.00
2004,14,-1.000, -1.00, -1.00, -1.00, -1.00
2004,15,-1.000, -1.00, -1.00, -1.00, -1.00
2004,16,-1.000, -1.00, -1.00, -1.00, -1.00
2004,17,-1.000, -1.00, -1.00, -1.00, -1.00
2004,18,-1.000, -1.00, -1.00, -1.00, -1.00
2004,19,-1.000, -1.00, -1.00, -1.00, -1.00
2004,20,-1.000, -1.00, -1.00, -1.00, -1.00
2004,21,-1.000, -1.00, -1.00, -1.00, -1.00
2004,22,-1.000, -1.00, -1.00, -1.00, -1.00
2004,23,-1.000, -1.00, -1.00, -1.00, -1.00
2004,24,-1.000, -1.00, -1.00, -1.00, -1.00
2004,25, 0.446,295.61, 74.85, 59.48, 67.17
2004,26, 0.447,296.04, 76.81, 58.99, 67.90
2004,27, 0.441,296.33, 76.99, 57.87, 67.43
2004,28, 0.433,296.58, 76.69, 55.69, 66.19
2004,29,-1.000, -1.00, -1.00, -1.00, -1.00
2004,30, 0.412,296.57, 73.57, 56.50, 65.04
2004,31, 0.402,296.36, 73.28, 58.18, 65.73
2004,32, 0.394,296.00, 73.64, 59.98, 66.81
2004,33, 0.393,295.55, 74.49, 61.72, 68.10
2004,34, 0.398,294.68, 77.81, 65.25, 71.53
2004,35, 0.404,293.96, 81.40, 64.35, 72.87
2004,36, 0.407,293.71, 84.11, 54.39, 69.25
2004,37, 0.403,293.25, 85.16, 46.67, 65.92
2004,38, 0.394,292.47, 85.90, 43.44, 64.67
2004,39, 0.376,291.50, 85.27, 39.66, 62.47
2004,40, 0.351,290.28, 83.56, 34.75, 59.15
2004,41, 0.330,289.28, 83.51, 28.12, 55.82
2004,42, 0.306,288.40, 83.20, 22.52, 52.86
2004,43, 0.277,287.21, 81.33, 17.76, 49.54
2004,44, 0.250,285.98, 79.20, 13.82, 46.51
2004,45, 0.224,284.51, 75.65, 13.60, 44.63
2004,46, 0.201,281.92, 71.98, 19.25, 45.61
2004,47, 0.183,278.99, 69.48, 25.58, 47.53
2004,48, 0.166,277.27, 66.48, 27.14, 46.81
2004,49, 0.152,275.68, 65.14, 28.47, 46.81
2004,50, 0.143,274.75, 66.87, 26.77, 46.82
2004,51, 0.139,274.33, 71.40, 24.58, 47.99
2004,52, 0.136,274.45, 73.87, 22.61, 48.24
2005, 1, 0.132,274.78, 70.98, 20.71, 45.84
2005, 2, 0.130,274.59, 66.89, 21.21, 44.05
2005, 3, 0.129,274.77, 63.64, 21.23, 42.44
2005, 4, 0.135,275.36, 65.54, 20.33, 42.94
2005, 5, 0.139,275.77, 67.79, 20.60, 44.19
2005, 6, 0.146,276.70, 69.73, 19.61, 44.67
2005, 7, 0.153,277.48, 70.51, 22.19, 46.35
2005, 8, 0.164,279.15, 73.71, 22.07, 47.89
2005, 9, 0.174,280.69, 75.38, 22.96, 49.17
2005,10, 0.188,281.28, 77.47, 29.61, 53.54
2005,11, 0.200,282.26, 77.82, 34.50, 56.16
2005,12, 0.216,283.55, 78.46, 39.92, 59.19
2005,13, 0.231,285.11, 77.68, 43.58, 60.63
2005,14, 0.247,286.75, 75.30, 42.95, 59.13
2005,15, 0.266,288.10, 73.22, 44.66, 58.94
2005,16, 0.293,289.32, 72.43, 43.29, 57.86
2005,17,-1.000, -1.00, -1.00, -1.00, -1.00
2005,18, 0.359,291.53, 73.79, 48.32, 61.06
2005,19, 0.397,292.43, 76.10, 46.40, 61.25
2005,20, 0.346,293.87, 53.19, 37.21, 45.20
2005,21, 0.456,294.44, 82.69, 42.59, 62.64
2005,22, 0.472,295.19, 84.46, 42.10, 63.28
2005,23, 0.479,295.59, 85.02, 43.32, 64.17
2005,24, 0.480,296.02, 84.58, 46.05, 65.32
2005,25, 0.479,296.45, 84.63, 47.50, 66.07
2005,26, 0.479,297.11, 85.35, 45.02, 65.19
2005,27, 0.474,297.82, 85.59, 40.41, 63.00
2005,28, 0.467,298.36, 85.68, 36.30, 60.99
2005,29, 0.457,298.76, 84.70, 33.71, 59.21
2005,30, 0.450,299.18, 84.50, 33.26, 58.88
2005,31, 0.442,299.21, 84.69, 32.54, 58.61
2005,32, 0.435,299.06, 85.16, 32.50, 58.83
2005,33, 0.430,298.68, 84.40, 33.32, 58.86
2005,34, 0.423,298.07, 83.73, 34.22, 58.97
2005,35, 0.410,297.18, 81.75, 34.45, 58.10
2005,36, 0.395,296.25, 79.57, 30.29, 54.93
2005,37, 0.380,295.45, 77.54, 25.78, 51.66
2005,38, 0.363,294.30, 75.68, 25.21, 50.45
2005,39, 0.344,293.10, 74.41, 23.93, 49.17
2005,40, 0.322,291.52, 73.11, 23.77, 48.44
2005,41, 0.302,289.97, 73.48, 22.58, 48.03
2005,42, 0.275,288.18, 71.83, 23.64, 47.74
2005,43, 0.244,286.19, 68.98, 24.23, 46.61
2005,44, 0.216,284.45, 65.26, 22.63, 43.94
2005,45, 0.194,282.87, 63.14, 21.92, 42.53
2005,46, 0.177,281.61, 61.19, 20.45, 40.82
2005,47, 0.162,280.08, 59.47, 20.55, 40.01
2005,48, 0.142,277.49, 53.93, 26.73, 40.33
2005,49, 0.128,275.36, 52.00, 30.82, 41.41
2005,50, 0.122,274.11, 54.39, 30.74, 42.56
2005,51, 0.117,273.27, 56.83, 30.66, 43.74
2005,52, 0.114,272.54, 58.46, 32.96, 45.71
2006, 1, 0.108,271.65, 54.34, 37.07, 45.71
2006, 2, 0.103,271.13, 49.34, 38.11, 43.73
2006, 3, 0.093,270.05, 41.30, 43.32, 42.31
2006, 4, 0.089,269.71, 37.38, 47.38, 42.38
2006, 5, 0.095,270.49, 40.65, 46.36, 43.51
2006, 6, 0.111,272.22, 48.37, 42.24, 45.30
2006, 7, 0.127,274.16, 54.77, 40.63, 47.70
2006, 8, 0.141,275.80, 60.46, 41.63, 51.04
2006, 9, 0.153,277.03, 63.57, 45.43, 54.50
2006,10, 0.167,278.76, 66.77, 47.08, 56.93
2006,11, 0.186,281.11, 70.39, 43.20, 56.79
2006,12, 0.206,283.81, 73.43, 38.34, 55.88
2006,13, 0.229,286.15, 76.21, 34.77, 55.49
2006,14, 0.254,288.21, 78.02, 29.47, 53.74
2006,15, 0.276,289.59, 77.24, 29.55, 53.39
2006,16, 0.299,290.23, 74.88, 32.90, 53.89
2006,17, 0.326,290.74, 73.16, 41.63, 57.39
2006,18, 0.357,291.59, 73.75, 48.20, 60.97
2006,19, 0.388,292.54, 74.37, 47.94, 61.15
2006,20, 0.419,293.57, 77.30, 47.15, 62.22
2006,21, 0.442,294.69, 80.77, 42.43, 61.60
2006,22, 0.455,295.38, 82.25, 41.97, 62.11
2006,23, 0.462,295.94, 83.11, 41.54, 62.32
2006,24, 0.463,296.41, 82.68, 43.77, 63.23
2006,25, 0.461,296.74, 81.83, 46.67, 64.25
2006,26, 0.461,297.24, 82.42, 45.99, 64.20
2006,27, 0.468,297.92, 86.02, 41.58, 63.80
2006,28, 0.468,298.42, 87.92, 38.20, 63.06
2006,29, 0.469,298.81, 89.62, 36.05, 62.84
2006,30, 0.468,299.18, 91.03, 32.83, 61.93
2006,31, 0.460,299.38, 91.09, 30.58, 60.84
2006,32, 0.448,299.20, 89.89, 31.00, 60.45
2006,33, 0.439,298.78, 87.83, 32.18, 60.01
2006,34, 0.430,298.00, 87.01, 34.89, 60.95
2006,35, 0.418,296.78, 85.37, 38.18, 61.78
2006,36, 0.404,295.64, 83.31, 35.36, 59.33
2006,37, 0.388,294.55, 81.36, 33.08, 57.22
2006,38, 0.379,293.36, 82.09, 32.98, 57.54
2006,39, 0.371,292.41, 84.58, 28.67, 56.62
2006,40, 0.360,291.43, 87.08, 22.95, 55.01
2006,41, 0.340,290.01, 87.24, 21.03, 54.13
2006,42, 0.317,288.54, 87.69, 20.07, 53.88
2006,43, 0.286,287.24, 85.49, 16.70, 51.09
2006,44, 0.258,285.95, 82.97, 13.63, 48.30
2006,45, 0.236,284.83, 81.39, 11.66, 46.53
2006,46, 0.220,283.91, 80.62,  9.45, 45.03
2006,47, 0.208,283.26, 81.37,  6.21, 43.79
2006,48, 0.200,282.72, 83.01,  3.10, 43.05
2006,49, 0.190,281.91, 84.79,  1.76, 43.28
2006,50, 0.175,280.55, 85.91,  2.47, 44.19
2006,51, 0.165,279.21, 88.46,  3.63, 46.04
2006,52, 0.164,279.30, 92.46,  1.59, 47.02
2007, 1, 0.161,279.35, 90.57,  0.42, 45.50
2007, 2, 0.157,279.31, 85.39,  0.14, 42.76
2007, 3, 0.154,279.60, 80.87,  0.27, 40.57
2007, 4, 0.156,279.86, 79.90,  0.80, 40.35
2007, 5, 0.161,280.05, 82.22,  2.48, 42.35
2007, 6, 0.168,280.00, 83.06,  6.07, 44.56
2007, 7, 0.174,279.80, 82.15, 12.76, 47.46
2007, 8, 0.185,280.93, 84.81, 14.81, 49.81
2007, 9, 0.200,282.40, 88.29, 15.64, 51.97
2007,10, 0.210,283.62, 88.29, 17.99, 53.14
2007,11, 0.218,284.61, 85.79, 21.19, 53.49
2007,12, 0.231,285.93, 84.67, 24.10, 54.38
2007,13, 0.251,287.83, 85.37, 23.13, 54.25
2007,14, 0.271,289.12, 84.70, 24.40, 54.55
2007,15, 0.292,290.07, 83.10, 27.93, 55.52
2007,16, 0.319,291.49, 81.69, 23.57, 52.63
2007,17, 0.350,292.87, 80.97, 20.88, 50.93
2007,18, 0.385,294.36, 82.52, 19.67, 51.09
2007,19, 0.421,295.61, 84.28, 15.01, 49.64
2007,20, 0.446,296.50, 84.57, 16.11, 50.34
2007,21, 0.462,297.49, 85.46, 13.98, 49.72
2007,22, 0.470,298.29, 85.47, 12.53, 49.00
2007,23, 0.474,298.93, 85.00, 12.13, 48.57
2007,24, 0.478,299.43, 85.52, 12.83, 49.18
2007,25, 0.479,300.04, 85.57, 12.13, 48.85
2007,26, 0.477,300.71, 85.75, 11.39, 48.57
2007,27, 0.471,301.46, 85.94,  8.13, 47.04
2007,28, 0.462,301.99, 85.04,  6.38, 45.71
2007,29, 0.450,302.33, 83.07,  5.80, 44.44
2007,30, 0.437,302.37, 80.63,  6.26, 43.45
2007,31, 0.427,302.13, 80.08,  7.64, 43.86
2007,32, 0.417,301.94, 79.88,  8.26, 44.07
2007,33, 0.405,301.55, 77.08,  8.72, 42.90
2007,34, 0.392,300.93, 74.92,  8.90, 41.91
2007,35, 0.385,300.12, 74.62,  7.75, 41.18
2007,36, 0.379,298.71, 74.96,  8.66, 41.81
2007,37, 0.375,297.01, 76.31, 12.57, 44.44
2007,38, 0.375,295.74, 80.08, 12.99, 46.54
2007,39, 0.370,294.14, 83.40, 15.59, 49.50
2007,40, 0.361,292.74, 86.74, 14.57, 50.66
2007,41, 0.342,291.08, 87.53, 14.58, 51.05
2007,42, 0.310,289.06, 85.00, 16.99, 51.00
2007,43, 0.272,286.25, 80.22, 23.61, 51.91
2007,44, 0.241,283.65, 75.93, 27.63, 51.78
2007,45, 0.221,282.28, 74.70, 24.92, 49.81
2007,46, 0.203,280.81, 72.99, 24.37, 48.68
2007,47, 0.184,279.17, 70.24, 24.78, 47.51
2007,48, 0.168,277.53, 67.44, 26.69, 47.07
2007,49, 0.150,275.88, 64.10, 28.99, 46.55
2007,50, 0.137,274.75, 63.91, 28.57, 46.24
2007,51, 0.139,274.57, 71.39, 25.31, 48.35
2007,52, 0.145,274.59, 79.75, 23.85, 51.80
2008, 1, 0.159,275.25, 88.90, 19.99, 54.44
2008, 2, 0.170,276.17, 92.82, 14.83, 53.82
2008, 3, 0.178,277.17, 94.94, 11.55, 53.25
2008, 4, 0.183,277.76, 95.63, 10.65, 53.14
2008, 5, 0.185,278.41, 95.73, 10.17, 52.95
2008, 6, 0.190,279.85, 95.81,  7.11, 51.46
2008, 7, 0.197,281.40, 94.97,  5.23, 50.10
2008, 8, 0.201,282.96, 93.98,  4.21, 49.09
2008, 9, 0.208,284.64, 92.54,  2.96, 47.75
2008,10, 0.218,285.94, 92.22,  3.57, 47.90
2008,11, 0.231,286.94, 91.82,  5.76, 48.79
2008,12, 0.249,287.82, 92.96,  9.51, 51.24
2008,13, 0.274,288.72, 95.11, 14.14, 54.63
2008,14, 0.299,289.77, 95.94, 16.79, 56.36
2008,15, 0.327,290.80, 96.46, 18.78, 57.62
2008,16, 0.360,291.73, 96.80, 19.32, 58.06
2008,17, 0.393,292.50, 96.11, 24.00, 60.06
2008,18, 0.421,293.08, 94.85, 33.15, 64.00
2008,19, 0.447,293.86, 93.28, 35.33, 64.30
2008,20, 0.464,294.79, 91.20, 36.16, 63.68
2008,21, 0.470,295.66, 88.82, 34.84, 61.83
2008,22, 0.473,296.54, 86.66, 32.64, 59.65
2008,23, 0.472,297.29, 84.42, 30.46, 57.44
2008,24, 0.470,297.96, 83.20, 30.46, 56.83
2008,25, 0.468,298.45, 82.22, 31.92, 57.07
2008,26, 0.464,298.93, 81.34, 32.13, 56.73
2008,27, 0.458,299.45, 81.22, 29.67, 55.44
2008,28, 0.453,299.73, 81.38, 28.42, 54.90
2008,29, 0.449,300.03, 81.72, 26.88, 54.30
2008,30, 0.443,300.23, 81.19, 25.16, 53.17
2008,31, 0.433,300.14, 80.87, 24.90, 52.89
2008,32, 0.424,299.98, 81.05, 24.89, 52.97
2008,33, 0.419,299.65, 80.61, 24.98, 52.80
2008,34, 0.410,298.88, 79.60, 26.86, 53.23
2008,35, 0.401,297.72, 79.11, 29.40, 54.26
2008,36, 0.390,296.18, 78.19, 30.99, 54.59
2008,37, 0.379,294.33, 77.75, 36.90, 57.32
2008,38, 0.367,292.78, 77.63, 41.47, 59.55
2008,39, 0.355,291.58, 78.68, 40.40, 59.54
2008,40, 0.343,290.58, 81.29, 33.79, 57.54
2008,41, 0.335,289.71, 85.88, 25.79, 55.83
2008,42, 0.327,289.21, 91.36, 17.16, 54.26
2008,43, 0.314,288.51, 95.70,  9.45, 52.58
2008,44, 0.293,287.50, 96.91,  5.11, 51.01
2008,45, 0.275,286.53, 98.01,  3.45, 50.73
2008,46, 0.261,285.38, 99.12,  2.85, 50.99
2008,47, 0.245,284.08, 99.07,  2.44, 50.75
2008,48, 0.233,282.83, 99.13,  2.46, 50.80
2008,49, 0.216,281.43, 98.73,  3.82, 51.28
2008,50, 0.195,279.10, 97.40,  9.03, 53.21
2008,51, 0.177,277.18, 95.41, 13.08, 54.24
2008,52, 0.161,276.63, 90.01, 14.04, 52.02
2009, 1, 0.147,275.82, 80.86, 17.16, 49.01
2009, 2, 0.138,275.73, 72.19, 16.94, 44.57
2009, 3, 0.132,276.34, 65.99, 15.21, 40.60
2009, 4, 0.130,277.29, 63.47, 12.75, 38.11
2009, 5, 0.129,277.61, 61.90, 14.01, 37.96
2009, 6, 0.131,277.96, 60.83, 16.23, 38.53
2009, 7, 0.135,278.28, 59.66, 21.05, 40.35
2009, 8, 0.146,279.32, 63.18, 23.82, 43.50
2009, 9, 0.157,280.29, 65.82, 27.96, 46.89
2009,10, 0.172,281.58, 68.84, 30.53, 49.68
2009,11, 0.184,282.02, 69.10, 37.85, 53.47
2009,12, 0.207,283.86, 73.41, 38.75, 56.08
2009,13, 0.235,286.21, 78.66, 34.92, 56.79
2009,14, 0.265,288.36, 82.76, 29.16, 55.96
2009,15, 0.292,290.18, 83.38, 24.88, 54.13
2009,16, 0.318,291.68, 81.77, 20.08, 50.93
2009,17, 0.345,292.77, 79.46, 20.83, 50.15
2009,18, 0.372,293.74, 78.30, 24.76, 51.53
2009,19, 0.402,294.80, 77.93, 22.39, 50.16
2009,20, 0.428,295.70, 78.62, 22.96, 50.79
2009,21, 0.449,296.68, 80.85, 20.66, 50.75
2009,22, 0.460,297.44, 81.43, 19.98, 50.71
2009,23, 0.463,298.17, 80.51, 18.51, 49.51
2009,24, 0.458,298.71, 78.13, 19.02, 48.57
2009,25, 0.450,299.20, 75.22, 19.91, 47.56
2009,26, 0.442,299.82, 73.54, 19.75, 46.64
2009,27, 0.431,300.20, 72.22, 19.97, 46.10
2009,28, 0.421,300.33, 71.17, 21.64, 46.40
2009,29, 0.414,300.27, 70.70, 24.05, 47.37
2009,30, 0.411,300.11, 71.65, 26.02, 48.84
2009,31, 0.410,300.08, 73.99, 26.00, 49.99
2009,32, 0.410,299.85, 76.42, 27.07, 51.74
2009,33, 0.406,299.39, 76.05, 28.15, 52.10
2009,34, 0.400,298.97, 76.12, 26.52, 51.32
2009,35, 0.391,298.29, 75.20, 24.09, 49.64
2009,36, 0.380,297.44, 74.20, 19.36, 46.78
2009,37, 0.369,296.56, 73.68, 15.81, 44.74
2009,38, 0.354,295.71, 72.22, 11.77, 42.00
2009,39, 0.337,294.93, 71.66,  6.41, 39.03
2009,40, 0.318,293.61, 71.05,  5.40, 38.23
2009,41, 0.297,292.52, 70.65,  2.47, 36.56
2009,42, 0.273,291.38, 70.36,  0.67, 35.51
2009,43, 0.244,289.64, 68.21,  1.08, 34.65
2009,44, 0.216,287.73, 65.23,  2.27, 33.75
2009,45, 0.197,286.04, 64.00,  5.18, 34.59
2009,46, 0.176,284.12, 60.41,  8.40, 34.41
2009,47, 0.157,282.76, 57.12,  8.03, 32.57
2009,48, 0.139,281.26, 52.54,  9.02, 30.78
2009,49, 0.125,278.71, 50.57, 15.02, 32.79
2009,50, 0.119,276.19, 52.55, 20.68, 36.61
2009,51, 0.106,273.64, 50.42, 27.41, 38.91
2009,52, 0.097,271.59, 46.90, 35.53, 41.22
2010, 1, 0.079,269.42, 34.74, 45.75, 40.24
2010, 2, 0.076,268.24, 31.87, 50.90, 41.39
2010, 3, 0.073,267.10, 28.31, 57.47, 42.89
2010, 4, 0.073,267.51, 28.23, 57.78, 43.01
2010, 5, 0.083,269.33, 33.84, 51.88, 42.86
2010, 6, 0.097,271.84, 41.04, 44.37, 42.70
2010, 7, 0.112,273.64, 46.99, 43.40, 45.20
2010, 8, 0.127,275.82, 53.89, 41.11, 47.50
2010, 9, 0.151,278.66, 63.54, 35.12, 49.33
2010,10, 0.176,281.14, 71.86, 31.41, 51.63
2010,11, 0.198,283.33, 76.73, 27.74, 52.24
2010,12, 0.217,285.49, 78.76, 24.98, 51.87
2010,13, 0.239,287.84, 80.33, 20.17, 50.25
2010,14, 0.264,290.24, 81.61, 13.98, 47.80
2010,15, 0.290,291.83, 81.82, 11.02, 46.42
2010,16, 0.318,292.50, 81.16, 11.89, 46.53
2010,17, 0.350,293.64, 80.46, 11.79, 46.12
2010,18, 0.376,294.84, 79.06, 12.66, 45.86
2010,19, 0.393,295.35, 74.28, 16.60, 45.44
2010,20, 0.408,295.83, 71.33, 21.90, 46.62
2010,21, 0.419,296.40, 70.58, 24.46, 47.52
2010,22, 0.421,297.09, 68.20, 24.58, 46.39
2010,23, 0.421,297.68, 66.43, 24.01, 45.22
2010,24, 0.416,297.96, 64.42, 27.05, 45.74
2010,25, 0.411,298.39, 63.28, 28.31, 45.80
2010,26, 0.407,298.77, 63.29, 29.87, 46.58
2010,27, 0.406,299.28, 65.13, 27.83, 46.48
2010,28, 0.407,300.01, 67.64, 22.79, 45.21
2010,29, 0.409,300.77, 69.74, 17.99, 43.86
2010,30, 0.410,301.52, 72.07, 12.48, 42.28
2010,31, 0.409,301.88, 74.16,  9.10, 41.63
2010,32, 0.406,301.76, 75.54,  9.35, 42.45
2010,33, 0.404,301.36, 75.87,  9.92, 42.90
2010,34, 0.402,300.59, 77.40, 11.36, 44.38
2010,35, 0.399,299.58, 78.64, 11.80, 45.22
2010,36, 0.394,298.12, 79.18, 13.07, 46.12
2010,37, 0.386,296.63, 79.45, 14.55, 47.00
2010,38, 0.369,295.26, 77.75, 15.52, 46.64
2010,39, 0.348,293.67, 76.11, 17.46, 46.78
2010,40, 0.330,291.72, 75.74, 20.81, 48.28
2010,41, 0.313,290.23, 76.95, 19.16, 48.05
2010,42, 0.296,289.08, 79.61, 16.15, 47.88
2010,43, 0.278,288.37, 82.24,  9.47, 45.85
2010,44, 0.255,287.91, 81.51,  3.55, 42.53
2010,45, 0.234,287.44, 80.31,  1.32, 40.82
2010,46, 0.212,286.35, 77.31,  1.05, 39.18
2010,47, 0.199,285.06, 77.45,  0.98, 39.22
2010,48, 0.188,283.80, 77.36,  1.18, 39.27
2010,49, 0.180,282.29, 79.86,  1.89, 40.88
2010,50, 0.176,280.99, 85.59,  2.08, 43.83
2010,51, 0.167,279.84, 87.38,  1.84, 44.61
2010,52, 0.160,278.93, 87.61,  3.53, 45.57
2011, 1, 0.156,278.12, 85.51,  6.17, 45.84
2011, 2, 0.154,277.19, 82.74,  9.71, 46.23
2011, 3, 0.150,275.98, 77.95, 16.64, 47.30
2011, 4, 0.148,275.44, 74.39, 21.27, 47.83
2011, 5, 0.152,275.87, 75.89, 21.79, 48.84
2011, 6, 0.157,276.50, 76.77, 22.63, 49.70
2011, 7, 0.161,276.88, 75.16, 27.56, 51.36
2011, 8, 0.169,277.87, 76.98, 30.88, 53.93
2011, 9, 0.184,280.21, 80.28, 28.19, 54.24
2011,10, 0.197,282.39, 82.14, 25.59, 53.86
2011,11, 0.204,284.14, 79.31, 23.65, 51.48
2011,12, 0.208,285.29, 74.24, 27.79, 51.01
2011,13, 0.220,286.53, 71.90, 32.12, 52.01
2011,14, 0.232,287.90, 68.81, 32.71, 50.76
2011,15, 0.250,289.05, 66.82, 35.24, 51.03
2011,16, 0.276,289.59, 65.77, 41.58, 53.68
2011,17, 0.299,290.64, 63.07, 44.34, 53.70
2011,18, 0.327,292.12, 62.85, 43.33, 53.09
2011,19, 0.356,293.11, 63.22, 42.81, 53.02
2011,20, 0.385,293.66, 65.77, 46.50, 56.14
2011,21, 0.415,294.61, 71.36, 43.73, 57.54
2011,22, 0.437,295.87, 75.28, 37.25, 56.26
2011,23, 0.450,296.68, 77.42, 34.40, 55.91
2011,24, 0.456,297.10, 78.54, 37.16, 57.85
2011,25, 0.459,297.51, 79.44, 39.56, 59.50
2011,26, 0.462,298.14, 81.08, 38.24, 59.66
2011,27, 0.458,298.66, 82.23, 35.66, 58.95
2011,28, 0.457,299.27, 84.16, 31.32, 57.74
2011,29, 0.456,299.74, 85.35, 28.42, 56.89
2011,30, 0.448,299.92, 84.36, 26.95, 55.66
2011,31, 0.444,299.97, 85.54, 25.80, 55.67
2011,32, 0.442,299.77, 87.54, 26.36, 56.95
2011,33, 0.438,299.49, 86.85, 26.15, 56.50
2011,34, 0.430,299.24, 85.88, 23.06, 54.47
2011,35, 0.421,298.81, 84.86, 18.40, 51.63
2011,36, 0.412,298.10, 84.49, 12.61, 48.55
2011,37, 0.398,297.03, 83.08, 10.59, 46.84
2011,38, 0.380,295.70, 81.10, 11.10, 46.10
2011,39, 0.358,293.92, 78.97, 14.69, 46.83
2011,40, 0.333,291.88, 76.43, 18.94, 47.68
2011,41, 0.306,289.81, 74.32, 21.85, 48.08
2011,42, 0.278,287.65, 72.44, 25.97, 49.21
2011,43, 0.251,285.55, 71.18, 26.75, 48.97
2011,44, 0.227,283.60, 69.81, 26.77, 48.29
2011,45, 0.204,281.83, 67.20, 26.97, 47.08
2011,46, 0.182,280.42, 63.44, 25.37, 44.40
2011,47, 0.159,278.82, 58.15, 25.19, 41.67
2011,48, 0.138,277.33, 52.15, 25.69, 38.92
2011,49, 0.122,276.32, 48.79, 24.76, 36.78
2011,50, 0.106,275.13, 45.09, 24.56, 34.82
2011,51, 0.096,274.17, 43.96, 24.85, 34.41
2011,52, 0.090,273.17, 42.52, 28.59, 35.56
2012, 1, 0.087,272.55, 40.21, 31.91, 36.06
2012, 2, 0.088,271.83, 39.05, 34.95, 37.00
2012, 3, 0.090,271.43, 39.00, 37.79, 38.40
2012, 4, 0.096,271.74, 41.45, 38.56, 40.00
2012, 5, 0.103,272.24, 45.25, 38.45, 41.85
2012, 6, 0.111,273.33, 48.06, 37.05, 42.56
2012, 7, 0.118,274.58, 49.24, 38.39, 43.81
2012, 8, 0.123,275.92, 50.11, 41.01, 45.56
2012, 9, 0.128,277.64, 49.98, 42.19, 46.08
2012,10, 0.141,279.99, 52.82, 40.10, 46.46
2012,11, 0.157,282.39, 55.99, 35.58, 45.79
2012,12, 0.179,284.85, 60.46, 31.93, 46.20
2012,13, 0.203,287.24, 64.44, 27.30, 45.87
2012,14, 0.229,289.18, 66.70, 22.91, 44.80
2012,15, 0.256,290.47, 68.23, 22.76, 45.49
2012,16, 0.294,292.21, 71.94, 15.11, 43.53
2012,17, 0.340,293.78, 76.98, 11.16, 44.07
2012,18, 0.376,294.93, 78.81, 12.15, 45.48
2012,19, 0.400,295.56, 76.69, 14.17, 45.43
2012,20, 0.417,295.75, 74.67, 22.87, 48.77
2012,21, 0.428,295.83, 73.98, 30.76, 52.37
2012,22, 0.450,297.73, 78.03, 18.10, 48.06
2012,23, 0.458,298.63, 78.70, 15.71, 47.21
2012,24, 0.460,299.48, 78.34, 14.46, 46.40
2012,25, 0.457,300.33, 77.21, 12.21, 44.71
2012,26, 0.450,301.13, 75.97, 10.92, 43.44
2012,27, 0.438,301.16, 74.45, 10.79, 42.62
2012,28, 0.426,301.48, 73.17, 10.27, 41.72
2012,29, 0.417,301.69, 72.05, 10.41, 41.23
2012,30, 0.409,301.76, 71.47, 10.36, 40.91
2012,31, 0.397,301.55, 69.96, 12.01, 40.99
2012,32, 0.388,301.14, 69.40, 14.96, 42.18
2012,33, 0.383,300.46, 68.79, 17.77, 43.28
2012,34, 0.386,299.76, 71.28, 18.40, 44.84
2012,35, 0.393,299.09, 75.07, 16.50, 45.78
2012,36, 0.394,298.63, 77.37,  9.68, 43.53
2012,37, 0.388,297.88, 78.05,  6.19, 42.12
2012,38, 0.380,297.16, 79.02,  2.90, 40.96
2012,39, 0.371,296.37, 80.58,  1.42, 41.00
2012,40, 0.356,295.34, 81.62,  0.84, 41.23
2012,41, 0.336,294.02, 82.09,  0.80, 41.44
2012,42, 0.314,292.37, 83.18,  1.41, 42.30
2012,43, 0.290,290.69, 83.75,  1.17, 42.46
2012,44, 0.261,289.03, 82.15,  1.03, 41.59
2012,45, 0.236,287.31, 80.16,  1.06, 40.61
2012,46, 0.214,285.59, 77.57,  2.03, 39.80
2012,47, 0.195,283.62, 75.29,  3.97, 39.63
2012,48, 0.177,281.69, 71.47,  6.37, 38.92
2012,49, 0.164,280.18, 71.22,  8.38, 39.80
2012,50, 0.154,278.83, 72.98,  9.37, 41.17
2012,51, 0.154,278.43, 79.97,  6.58, 43.27
2012,52, 0.155,278.32, 85.32,  5.49, 45.41
2013, 1, 0.158,278.39, 80.43,  6.70, 43.56
2013, 2, 0.164,278.71, 80.96,  6.72, 43.84
2013, 3, 0.171,278.74, 81.70,  8.15, 44.92
2013, 4, 0.178,279.19, 82.29,  8.87, 45.58
2013, 5, 0.184,279.91, 83.29,  8.85, 46.07
2013, 6, 0.189,280.63, 83.33,  9.46, 46.39
2013, 7, 0.197,281.44, 83.47, 11.54, 47.51
2013, 8, 0.207,282.61, 84.61, 13.27, 48.94
2013, 9, 0.218,283.67, 84.82, 14.86, 49.84
2013,10, 0.232,284.58, 84.25, 16.89, 50.57
2013,11, 0.241,284.73, 81.46, 24.49, 52.98
2013,12, 0.257,286.01, 81.36, 26.34, 53.85
2013,13, 0.274,287.55, 81.55, 27.22, 54.39
2013,14, 0.293,289.37, 81.75, 22.45, 52.10
2013,15, 0.316,291.24, 83.29, 16.84, 50.07
2013,16, 0.345,292.66, 85.40, 12.75, 49.08
2013,17, 0.383,294.36, 87.87,  8.91, 48.39
2013,18, 0.410,295.86, 87.58,  7.28, 47.43
2013,19, 0.421,296.56, 82.64,  7.88, 45.26
2013,20, 0.429,297.20, 79.10, 11.14, 45.12
2013,21, 0.436,297.82, 76.98, 11.70, 44.34
2013,22, 0.435,297.85, 72.97, 18.75, 45.86
2013,23, 0.432,298.15, 70.03, 22.51, 46.27
2013,24, 0.427,298.61, 67.88, 25.24, 46.56
2013,25, 0.423,298.93, 66.76, 27.46, 47.11
2013,26, 0.419,299.37, 66.65, 28.59, 47.62
2013,27, 0.414,299.69, 67.72, 26.78, 47.25
2013,28, 0.409,299.98, 68.85, 26.59, 47.72
2013,29, 0.406,299.89, 69.50, 29.24, 49.37
2013,30, 0.401,299.76, 69.52, 31.28, 50.40
2013,31, 0.391,299.64, 69.23, 32.44, 50.83
2013,32, 0.381,299.50, 67.92, 32.30, 50.11
2013,33, 0.370,298.83, 66.01, 35.24, 50.63
2013,34, 0.365,297.75, 66.24, 40.80, 53.52
2013,35, 0.360,296.48, 66.75, 44.84, 55.79
2013,36, 0.355,294.72, 67.72, 48.31, 58.02
2013,37, 0.353,293.08, 69.58, 51.53, 60.55
2013,38, 0.350,291.64, 71.99, 54.51, 63.25
2013,39, 0.345,290.33, 74.97, 53.61, 64.29
2013,40, 0.336,289.24, 77.93, 47.66, 62.80
2013,41, 0.322,287.83, 80.00, 44.14, 62.07
2013,42, 0.303,286.63, 81.61, 40.93, 61.27
2013,43, 0.285,285.84, 83.21, 32.13, 57.67
2013,44, 0.262,285.34, 83.26, 22.73, 52.99
2013,45, 0.244,284.74, 83.64, 15.69, 49.67
2013,46, 0.220,283.09, 80.39, 15.36, 47.88
2013,47, 0.200,280.90, 77.52, 17.97, 47.75
2013,48, 0.184,278.97, 74.89, 20.38, 47.63
2013,49, 0.171,277.82, 74.49, 19.66, 47.07
2013,50, 0.163,277.02, 76.98, 17.97, 47.47
2013,51, 0.162,276.86, 82.36, 15.56, 48.96
2013,52, 0.166,277.24, 86.78, 12.74, 49.76
2014, 1, 0.173,278.24, 89.70,  7.83, 48.77
2014, 2, 0.183,278.96, 92.44,  5.86, 49.15
2014, 3, 0.193,279.48, 94.25,  5.20, 49.72
2014, 4, 0.203,280.56, 96.73,  3.29, 50.01
2014, 5, 0.210,281.56, 97.70,  2.41, 50.05
2014, 6, 0.216,282.58, 97.90,  1.69, 49.80
2014, 7, 0.225,283.90, 98.43,  1.01, 49.72
2014, 8, 0.235,285.29, 98.53,  0.68, 49.60
2014, 9, 0.248,286.42, 98.67,  0.90, 49.78
2014,10, 0.265,287.38, 99.10,  1.25, 50.17
2014,11, 0.283,288.27, 99.44,  2.63, 51.03
2014,12, 0.302,289.10, 99.50,  5.66, 52.58
2014,13, 0.320,289.90, 99.52, 10.39, 54.95
2014,14, 0.339,290.96, 99.38, 11.54, 55.46
2014,15, 0.359,291.80, 99.02, 13.70, 56.36
2014,16, 0.380,292.54, 98.03, 16.24, 57.13
2014,17, 0.401,293.46, 94.04, 20.98, 57.51
2014,18, 0.414,294.26, 89.10, 25.54, 57.32
2014,19, 0.423,295.14, 83.64, 24.62, 54.13
2014,20, 0.425,295.84, 78.24, 26.50, 52.37
2014,21, 0.426,296.70, 74.35, 23.74, 49.05
2014,22, 0.426,297.26, 70.28, 24.47, 47.38
2014,23, 0.424,297.58, 67.60, 27.54, 47.57
2014,24, 0.422,298.09, 66.00, 29.67, 47.83
2014,25, 0.421,298.60, 65.73, 30.63, 48.18
2014,26, 0.420,299.18, 66.90, 30.32, 48.61
2014,27, 0.417,299.56, 68.40, 27.78, 48.09
2014,28, 0.410,300.17, 69.14, 24.10, 46.62
2014,29, 0.406,300.79, 69.37, 20.19, 44.78
2014,30, 0.399,300.98, 68.72, 18.83, 43.78
2014,31, 0.389,300.70, 68.44, 21.36, 44.90
2014,32, 0.383,300.32, 68.57, 24.25, 46.41
2014,33, 0.376,299.76, 67.81, 26.34, 47.07
2014,34, 0.369,299.29, 67.57, 26.01, 46.79
2014,35, 0.359,298.57, 66.46, 24.41, 45.44
2014,36, 0.349,297.46, 65.39, 22.59, 43.99
2014,37, 0.339,296.26, 64.79, 21.93, 43.36
2014,38, 0.329,294.95, 64.79, 22.87, 43.83
2014,39, 0.320,293.57, 65.86, 24.47, 45.16
2014,40, 0.310,291.93, 68.07, 25.84, 46.96
2014,41, 0.300,289.90, 70.96, 29.10, 50.03
2014,42, 0.287,288.32, 74.40, 29.98, 52.19
2014,43, 0.270,287.25, 76.94, 24.09, 50.51
2014,44, 0.247,285.90, 76.78, 20.06, 48.42
2014,45, 0.233,284.29, 78.75, 18.96, 48.86
2014,46, 0.212,282.94, 76.63, 16.40, 46.51
2014,47, 0.194,281.25, 74.54, 16.42, 45.48
2014,48, 0.180,280.38, 72.75, 14.08, 43.41
2014,49, 0.168,279.57, 72.96, 12.22, 42.59
2014,50, 0.163,279.55, 77.68,  6.78, 42.23
2014,51, 0.159,279.20, 81.38,  5.01, 43.20
2014,52, 0.156,278.42, 81.41,  7.52, 44.46
2015, 1, 0.158,278.10, 80.69,  9.13, 44.91
2015, 2, 0.162,278.39, 80.06,  8.94, 44.50
2015, 3, 0.169,279.15, 80.39,  7.00, 43.69
2015, 4, 0.176,279.80, 81.11,  6.54, 43.83
2015, 5, 0.179,279.76, 80.12,  9.80, 44.96
2015, 6, 0.186,280.39, 81.42, 10.73, 46.08
2015, 7, 0.196,281.23, 83.04, 12.94, 47.99
2015, 8, 0.206,282.46, 84.08, 14.55, 49.32
2015, 9, 0.219,284.18, 85.08, 12.54, 48.81
2015,10, 0.229,285.26, 83.28, 13.09, 48.19
2015,11, 0.237,285.77, 79.77, 17.43, 48.60
2015,12, 0.249,286.18, 77.77, 24.38, 51.07
2015,13, 0.262,286.77, 76.44, 33.13, 54.79
2015,14, 0.278,287.93, 76.23, 35.19, 55.71
2015,15, 0.292,289.24, 74.80, 36.35, 55.58
2015,16, 0.310,290.53, 73.76, 35.23, 54.49
2015,17, 0.346,291.76, 76.15, 37.78, 56.97
2015,18, 0.383,292.90, 79.34, 39.82, 59.58
2015,19, 0.411,293.96, 79.96, 37.89, 58.93
2015,20, 0.432,294.68, 80.37, 40.27, 60.32
2015,21, 0.449,295.54, 81.37, 38.46, 59.91
2015,22, 0.459,295.82, 81.10, 42.95, 62.03
2015,23, 0.463,295.96, 80.67, 47.63, 64.15
2015,24, 0.466,296.37, 80.92, 51.42, 66.17
2015,25, 0.469,296.69, 81.59, 53.71, 67.65
2015,26, 0.470,297.07, 82.85, 54.34, 68.59
2015,27, 0.468,297.52, 84.80, 50.98, 67.89
2015,28, 0.465,298.37, 86.35, 44.30, 65.33
2015,29, 0.463,299.42, 87.61, 35.98, 61.80
2015,30, 0.457,300.20, 87.81, 29.19, 58.50
2015,31, 0.446,300.59, 87.03, 24.36, 55.70
2015,32, 0.436,301.00, 86.27, 18.88, 52.58
2015,33, 0.426,301.11, 83.85, 14.03, 48.94
2015,34, 0.416,300.79, 82.49, 11.74, 47.12
2015,35, 0.403,300.10, 80.40,  9.90, 45.15
2015,36, 0.391,299.22, 78.96,  6.62, 42.79
2015,37, 0.379,298.14, 77.78,  5.75, 41.77
2015,38, 0.363,296.83, 75.91,  6.79, 41.35
2015,39, 0.344,295.10, 74.07, 12.03, 43.05
2015,40, 0.326,293.01, 73.70, 17.30, 45.50
2015,41, 0.307,290.39, 73.60, 24.34, 48.97
2015,42, 0.286,288.32, 74.34, 27.25, 50.80
2015,43, 0.266,286.59, 75.25, 26.09, 50.67
2015,44, 0.244,285.37, 75.36, 21.67, 48.51
2015,45, 0.228,284.46, 76.68, 16.70, 46.69
2015,46, 0.206,283.05, 73.89, 15.12, 44.51
2015,47, 0.189,281.43, 71.98, 14.84, 43.41
2015,48, 0.175,280.26, 70.63, 14.14, 42.38
2015,49, 0.166,278.79, 72.14, 15.61, 43.88
2015,50, 0.160,277.70, 76.28, 15.31, 45.80
2015,51, 0.158,276.85, 80.56, 16.20, 48.38
2015,52, 0.160,275.97, 83.87, 19.36, 51.62
2016, 1, 0.161,274.80, 82.92, 25.22, 54.07
2016, 2, 0.160,273.34, 78.99, 32.08, 55.53
2016, 3, 0.164,274.14, 78.47, 28.66, 53.56
2016, 4, 0.170,275.52, 78.40, 24.93, 51.66
2016, 5, 0.173,275.94, 77.37, 26.20, 51.79
2016, 6, 0.173,276.66, 75.09, 26.97, 51.03
2016, 7, 0.173,277.60, 71.51, 29.69, 50.60
2016, 8, 0.177,278.77, 69.80, 32.64, 51.22
2016, 9, 0.177,279.58, 65.90, 36.55, 51.23
2016,10, 0.189,281.46, 65.67, 35.04, 50.36
2016,11, 0.241,284.74, 81.47, 24.73, 53.10
2016,12, 0.262,286.70, 82.99, 22.09, 52.54
2016,13, 0.285,288.40, 85.20, 22.07, 53.64
2016,14, 0.304,289.55, 85.49, 23.25, 54.37
2016,15, 0.325,290.10, 86.17, 29.46, 57.81
2016,16, 0.354,291.20, 88.83, 28.70, 58.77
2016,17, 0.396,292.08, 92.40, 34.42, 63.41
2016,18, 0.426,292.71, 92.98, 42.11, 67.54
2016,19, 0.441,293.64, 89.58, 42.12, 65.85
2016,20, 0.447,294.33, 85.11, 44.21, 64.66
2016,21, 0.451,294.97, 81.97, 44.06, 63.01
2016,22, 0.451,295.74, 78.19, 42.32, 60.26
2016,23, 0.446,296.44, 74.67, 40.49, 57.58
2016,24, 0.439,297.56, 71.18, 35.75, 53.46
2016,25, 0.431,298.87, 68.61, 27.21, 47.91
2016,26, 0.426,299.88, 68.43, 23.17, 45.80
2016,27, 0.418,300.64, 68.54, 17.69, 43.12
2016,28, 0.408,300.95, 67.90, 17.33, 42.62
2016,29, 0.402,301.24, 67.56, 16.67, 42.12
2016,30, 0.395,301.30, 67.03, 17.07, 42.05
2016,31, 0.385,301.15, 66.91, 18.30, 42.61
2016,32, 0.377,300.82, 66.58, 20.22, 43.40
2016,33, 0.369,300.32, 65.40, 21.11, 43.26
2016,34, 0.363,299.56, 65.61, 23.02, 44.31
2016,35, 0.353,298.94, 64.81, 20.02, 42.42
2016,36, 0.343,297.84, 63.84, 18.48, 41.16
2016,37, 0.330,296.58, 62.04, 18.71, 40.37
2016,38, 0.317,295.36, 60.82, 19.43, 40.12
2016,39, 0.303,293.78, 60.48, 22.84, 41.66
2016,40, 0.289,292.09, 60.87, 24.41, 42.64
2016,41, 0.274,289.86, 61.93, 28.89, 45.41
2016,42, 0.256,287.48, 63.25, 33.69, 48.47
2016,43, 0.236,285.40, 63.81, 33.98, 48.89
2016,44, 0.216,283.41, 64.42, 33.15, 48.78
2016,45, 0.205,281.44, 67.01, 32.86, 49.93
2016,46, 0.186,279.32, 65.21, 33.75, 49.48
2016,47, 0.169,276.87, 62.67, 36.67, 49.67
2016,48, 0.153,274.55, 59.98, 40.87, 50.42
2016,49, 0.144,273.18, 60.41, 41.07, 50.74
2016,50, 0.133,271.95, 60.52, 40.98, 50.75
2016,51, 0.128,271.25, 61.90, 41.24, 51.57
2016,52, 0.127,270.49, 63.13, 43.18, 53.15
2017, 1, 0.133,270.56, 65.41, 42.79, 54.10
2017, 2, 0.143,271.55, 68.66, 38.77, 53.72
2017, 3, 0.152,272.95, 71.06, 33.20, 52.13
2017, 4, 0.162,275.20, 73.79, 26.11, 49.95
2017, 5, 0.170,276.30, 75.72, 24.43, 50.07
2017, 6, 0.179,278.40, 78.11, 19.53, 48.82
2017, 7, 0.188,280.80, 79.41, 15.26, 47.34
2017, 8, 0.195,282.78, 79.04, 13.15, 46.10
2017, 9, 0.206,284.47, 79.36, 11.32, 45.34
2017,10, 0.219,286.01, 78.72,  9.51, 44.11
2017,11, 0.229,287.30, 76.60,  8.74, 42.67
2017,12, 0.249,288.64, 77.99,  8.18, 43.09
2017,13, 0.270,289.84, 79.93,  9.24, 44.58
2017,14, 0.290,290.80, 80.60, 11.33, 45.97
2017,15, 0.310,291.58, 81.08, 14.79, 47.94
2017,16, 0.332,292.18, 81.15, 19.13, 50.14
2017,17, 0.365,292.48, 81.92, 30.60, 56.26
2017,18, 0.398,292.78, 83.74, 40.81, 62.28
2017,19, 0.430,293.48, 85.83, 42.69, 64.26
2017,20, 0.453,293.96, 87.03, 47.26, 67.14
2017,21, 0.468,294.56, 87.48, 47.79, 67.63
2017,22, 0.475,294.93, 86.39, 50.96, 68.67
2017,23, 0.477,295.44, 85.01, 51.73, 68.37
2017,24, 0.477,296.38, 84.26, 49.46, 66.86
2017,25, 0.476,296.95, 83.61, 49.03, 66.32
2017,26, 0.473,297.42, 83.63, 48.56, 66.09
2017,27, 0.465,297.76, 83.62, 45.65, 64.63
2017,28, 0.457,298.18, 83.70, 43.03, 63.37
2017,29, 0.450,298.49, 83.04, 41.65, 62.34
2017,30, 0.441,298.88, 81.88, 38.61, 60.25
2017,31, 0.429,299.05, 81.07, 37.05, 59.06
2017,32, 0.421,298.90, 80.76, 37.47, 59.11
2017,33, 0.415,298.61, 79.63, 37.73, 58.67
2017,34, 0.409,298.37, 79.60, 35.41, 57.50
2017,35, 0.398,298.20, 78.27, 28.12, 53.19
2017,36, 0.385,297.49, 76.68, 22.40, 49.54
2017,37, 0.375,296.49, 76.09, 20.32, 48.21
2017,38, 0.363,295.45, 75.47, 19.32, 47.39
2017,39, 0.343,293.64, 73.31, 24.40, 48.85
2017,40, 0.324,291.66, 72.66, 27.95, 50.30
2017,41, 0.304,289.29, 72.35, 33.03, 52.69
2017,42, 0.278,287.14, 71.33, 36.54, 53.94
2017,43, 0.249,285.33, 69.01, 34.96, 51.98
2017,44, 0.215,284.17, 63.84, 28.54, 46.19
2017,45, 0.199,282.31, 64.15, 28.28, 46.21
2017,46, 0.182,281.47, 62.66, 22.46, 42.56
2017,47, 0.165,280.48, 60.75, 18.56, 39.65
2017,48, 0.151,279.79, 58.64, 15.46, 37.05
2017,49, 0.142,279.19, 59.40, 13.08, 36.24
2017,50, 0.137,278.76, 62.63,  9.65, 36.14
2017,51, 0.140,278.72, 69.46,  6.64, 38.05
2017,52, 0.148,279.08, 74.71,  8.86, 41.78
2018, 1, 0.154,278.65, 81.84,  3.84, 42.84
2018, 2, 0.161,277.75, 83.82,  7.03, 45.42
2018, 3, 0.168,277.61, 83.79, 11.24, 47.52
2018, 4, 0.177,278.64, 84.30, 12.08, 48.19
2018, 5, 0.182,278.86, 85.85, 10.70, 48.27
2018, 6, 0.187,279.43, 85.78, 12.33, 49.05
2018, 7, 0.194,280.71, 85.00, 14.81, 49.91
2018, 8, 0.201,281.81, 84.69, 15.55, 50.12
2018, 9, 0.210,282.93, 84.64, 16.35, 50.50
2018,10, 0.222,283.92, 83.22, 19.57, 51.40
2018,11, 0.242,285.41, 81.26, 22.62, 51.94
2018,12, 0.260,287.11, 82.08, 19.86, 50.97
2018,13, 0.280,288.70, 82.72, 18.48, 50.60
2018,14, 0.304,290.40, 84.99, 15.24, 50.11
2018,15, 0.328,291.74, 87.24, 12.84, 50.04
2018,16, 0.352,292.82, 87.58, 12.14, 49.86
2018,17, 0.382,293.74, 87.43, 16.42, 51.93
2018,18, 0.406,294.46, 86.23, 22.88, 54.56
2018,19, 0.425,295.23, 84.08, 22.88, 53.48
2018,20, 0.436,295.67, 81.65, 28.37, 55.01
2018,21, 0.444,296.25, 80.04, 28.98, 54.51
2018,22, 0.448,297.14, 77.41, 26.53, 51.97
2018,23, 0.448,297.73, 75.05, 27.02, 51.03
2018,24, 0.446,298.07, 73.71, 30.57, 52.14
2018,25, 0.445,298.50, 73.20, 31.98, 52.59
2018,26, 0.442,298.88, 73.72, 33.82, 53.77
2018,27, 0.438,298.73, 75.29, 36.52, 55.91
2018,28, 0.435,298.67, 77.48, 39.06, 58.27
2018,29, 0.434,298.74, 78.79, 40.29, 59.54
2018,30, 0.430,298.90, 79.22, 39.27, 59.24
2018,31, 0.424,298.95, 79.84, 38.65, 59.25
2018,32, 0.419,299.33, 80.58, 34.17, 57.38
2018,33, 0.412,299.66, 79.32, 27.26, 53.29
2018,34, 0.407,299.26, 79.64, 25.78, 52.71
2018,35, 0.400,298.74, 79.35, 21.92, 50.64
2018,36, 0.395,297.74, 80.20, 19.28, 49.74
2018,37, 0.390,296.11, 81.20, 22.67, 51.93
2018,38, 0.387,295.01, 83.14, 22.05, 52.59
2018,39, 0.381,294.26, 85.78, 17.91, 51.84
2018,40, 0.366,293.05, 87.26, 16.17, 51.72
2018,41, 0.347,291.51, 87.78, 16.78, 52.28
2018,42, 0.323,290.13, 87.69, 15.70, 51.70
2018,43, 0.292,288.63, 85.39, 13.42, 49.40
2018,44, 0.265,286.63, 84.07, 14.10, 49.08
2018,45, 0.238,283.42, 81.09, 23.11, 52.10
2018,46, 0.211,280.08, 76.03, 31.34, 53.69
2018,47, 0.186,277.88, 70.35, 33.27, 51.81
2018,48, 0.161,276.34, 63.28, 33.66, 48.47
2018,49, 0.142,274.96, 58.57, 33.71, 46.14
2018,50, 0.127,273.80, 55.73, 33.31, 44.52
2018,51, 0.117,272.63, 53.86, 35.81, 44.84
2018,52, 0.108,270.80, 49.91, 42.62, 46.27
2019, 1, 0.107,269.81, 48.63, 46.90, 47.77
2019, 2, 0.117,270.58, 52.31, 43.47, 47.89
2019, 3, 0.129,272.22, 57.11, 36.61, 46.86
2019, 4, 0.146,275.23, 64.69, 26.12, 45.41
2019, 5, 0.165,277.17, 73.00, 20.72, 46.86
2019, 6, 0.179,278.93, 78.31, 16.95, 47.63
2019, 7, 0.191,280.43, 80.92, 16.49, 48.71
2019, 8, 0.203,282.04, 83.01, 16.41, 49.71
2019, 9, 0.216,284.00, 83.83, 13.49, 48.66
2019,10, 0.228,285.35, 82.81, 12.85, 47.83
2019,11, 0.240,286.46, 81.47, 13.86, 47.67
2019,12, 0.257,287.96, 81.17, 13.11, 47.14
2019,13, 0.270,288.72, 79.79, 18.48, 49.13
2019,14, 0.286,289.77, 79.03, 20.18, 49.61
2019,15, 0.304,290.87, 78.47, 21.42, 49.95
2019,16, 0.322,291.62, 77.00, 24.70, 50.85
2019,17, 0.350,292.47, 76.44, 30.60, 53.52
2019,18, 0.380,293.35, 77.13, 34.38, 55.76
2019,19, 0.407,294.57, 77.50, 29.58, 53.54
2019,20, 0.427,295.52, 77.95, 28.82, 53.38
2019,21, 0.439,296.64, 77.98, 23.26, 50.62
2019,22, 0.445,297.55, 76.20, 20.32, 48.26
2019,23, 0.445,297.99, 74.28, 22.89, 48.58
2019,24, 0.447,298.70, 73.95, 22.53, 48.24
2019,25, 0.448,299.02, 74.33, 24.87, 49.60
2019,26, 0.448,299.07, 75.71, 30.58, 53.14
2019,27, 0.447,299.11, 78.32, 31.82, 55.07
2019,28, 0.443,299.22, 80.10, 33.14, 56.62
2019,29, 0.441,299.05, 81.25, 36.53, 58.89
2019,30, 0.436,298.97, 81.48, 37.87, 59.68
2019,31, 0.429,299.12, 81.78, 36.47, 59.13
2019,32, 0.422,299.46, 81.60, 32.31, 56.96
2019,33, 0.414,299.60, 80.00, 27.68, 53.84
2019,34, 0.407,299.94, 79.47, 19.30, 49.39
2019,35, 0.396,299.57, 77.87, 14.16, 46.01
2019,36, 0.384,298.58, 76.62, 11.85, 44.23
2019,37, 0.373,297.52, 75.67, 10.40, 43.04
2019,38, 0.360,296.10, 74.71, 12.74, 43.73
2019,39, 0.345,294.85, 74.24, 13.88, 44.06
2019,40, 0.330,294.17, 74.79,  9.28, 42.03
2019,41, 0.310,293.05, 74.83,  7.26, 41.05
2019,42, 0.286,291.86, 74.29,  4.83, 39.56
2019,43, 0.261,290.57, 73.39,  2.25, 37.82
2019,44, 0.235,289.11, 72.24,  0.72, 36.48
2019,45, 0.214,287.61, 71.01,  0.02, 35.51
2019,46, 0.192,286.07, 67.50,  0.44, 33.97
2019,47, 0.174,284.43, 65.29,  1.28, 33.28
2019,48, 0.162,283.09, 64.08,  1.51, 32.80
2019,49, 0.151,281.90, 63.91,  1.65, 32.78
2019,50, 0.141,280.65, 65.09,  1.91, 33.50
2019,51, 0.136,279.71, 67.07,  2.61, 34.84
2019,52, 0.134,278.96, 67.90,  4.84, 36.37
2020, 1, 0.135,278.70, 67.64,  5.87, 36.76
2020, 2, 0.139,278.17, 67.47,  9.63, 38.55
2020, 3, 0.144,277.91, 67.02, 12.12, 39.57
2020, 4, 0.154,278.71, 69.85, 11.04, 40.44
2020, 5, 0.160,279.35, 70.95, 11.49, 41.22
2020, 6, 0.164,279.82, 70.46, 13.21, 41.84
2020, 7, 0.168,280.73, 69.32, 15.45, 42.38
2020, 8, 0.176,282.29, 70.04, 15.55, 42.80
2020, 9, 0.192,284.40, 72.81, 11.64, 42.22
2020,10, 0.204,285.98, 72.44,  9.32, 40.88
2020,11, 0.213,287.39, 70.09,  8.13, 39.11
2020,12, 0.229,288.80, 70.12,  7.09, 38.60
2020,13, 0.243,289.92, 69.43,  8.31, 38.88
2020,14, 0.260,291.05, 69.22,  8.94, 39.08
2020,15, 0.273,291.96, 67.52, 10.81, 39.16
2020,16, 0.289,292.53, 65.58, 15.16, 40.37
2020,17, 0.317,293.53, 65.40, 18.96, 42.18
2020,18, 0.345,294.24, 65.73, 24.83, 45.28
2020,19, 0.368,294.63, 64.63, 29.79, 47.21
2020,20, 0.386,295.13, 64.44, 35.43, 49.93
2020,21, 0.403,295.92, 65.63, 34.04, 49.83
2020,22, 0.413,296.43, 65.12, 35.47, 50.30
2020,23, 0.419,296.82, 65.03, 37.40, 51.22
2020,24, 0.422,297.75, 65.47, 34.99, 50.23
2020,25, 0.424,298.89, 66.42, 29.01, 47.71
2020,26, 0.422,299.80, 67.18, 25.34, 46.26
2020,27, 0.419,300.30, 68.96, 22.01, 45.49
2020,28, 0.414,300.73, 70.38, 20.77, 45.57
2020,29, 0.410,301.08, 70.91, 19.29, 45.10
2020,30, 0.404,301.30, 70.77, 17.29, 44.03
2020,31, 0.398,301.36, 71.13, 16.75, 43.94
2020,32, 0.393,301.45, 71.73, 14.86, 43.30
2020,33, 0.385,301.41, 70.45, 11.77, 41.11
2020,34, 0.380,301.13, 70.88,  8.73, 39.80
2020,35, 0.371,300.51, 70.11,  6.16, 38.13
2020,36, 0.362,299.49, 69.67,  4.69, 37.18
2020,37, 0.354,298.29, 69.86,  4.74, 37.30
2020,38, 0.342,296.99, 68.86,  5.77, 37.31
2020,39, 0.331,295.68, 69.50,  7.38, 38.44
2020,40, 0.326,294.37, 73.62,  7.63, 40.63
2020,41, 0.317,292.49, 77.58, 10.46, 44.02
2020,42, 0.305,290.83, 81.94, 11.08, 46.51
2020,43, 0.286,289.21, 83.79,  9.84, 46.81
2020,44, 0.264,287.46, 84.33,  9.29, 46.81
2020,45, 0.250,285.31, 86.58, 11.74, 49.16
2020,46, 0.230,284.02, 85.25,  9.87, 47.56
2020,47, 0.214,283.43, 84.12,  5.34, 44.73
2020,48, 0.194,282.22, 80.02,  5.09, 42.56
2020,49, 0.178,280.99, 78.23,  5.40, 41.81
2020,50, 0.170,280.66, 81.40,  1.88, 41.64
2020,51, 0.165,280.12, 84.24,  0.97, 42.61
2020,52, 0.162,279.60, 84.67,  2.19, 43.43
2021, 1, 0.160,278.06, 81.73,  9.25, 45.49
2021, 2, 0.159,276.98, 78.16, 15.64, 46.90
2021, 3, 0.162,277.30, 76.96, 15.16, 46.06
2021, 4, 0.169,277.91, 77.85, 14.44, 46.14
2021, 5, 0.174,278.61, 78.29, 14.35, 46.32
2021, 6, 0.180,279.53, 78.92, 14.05, 46.48
2021, 7, 0.188,280.77, 79.74, 14.58, 47.16
2021, 8, 0.199,282.58, 81.25, 13.60, 47.43
2021, 9, 0.208,283.08, 80.42, 18.51, 49.47
2021,10, 0.216,283.25, 77.82, 25.66, 51.74
2021,11, 0.226,283.54, 75.41, 33.29, 54.35
2021,12, 0.238,284.73, 73.65, 36.98, 55.31
2021,13, 0.250,285.81, 71.99, 43.12, 57.55
2021,14, 0.264,286.86, 70.87, 45.74, 58.30
2021,15, 0.283,288.27, 70.82, 46.21, 58.51
2021,16, 0.306,289.56, 71.54, 45.12, 58.33
2021,17, 0.338,290.76, 73.07, 48.08, 60.57
2021,18, 0.374,291.99, 75.75, 49.54, 62.64
2021,19, 0.403,292.85, 76.48, 50.40, 63.44
2021,20, 0.423,293.63, 76.68, 51.69, 64.18
2021,21, 0.438,294.25, 77.32, 51.78, 64.55
2021,22, 0.448,294.61, 76.68, 54.60, 65.64
2021,23, 0.456,295.15, 77.76, 54.47, 66.12
2021,24, 0.458,295.80, 77.90, 54.64, 66.27
2021,25, 0.459,296.37, 77.97, 53.84, 65.91
2021,26, 0.457,297.15, 78.63, 50.22, 64.43
2021,27, 0.453,297.76, 79.95, 44.90, 62.43
2021,28, 0.447,298.54, 81.08, 38.93, 60.01
2021,29, 0.442,299.10, 81.33, 35.37, 58.35
2021,30, 0.435,299.16, 80.89, 35.07, 57.98
2021,31, 0.425,298.87, 80.23, 37.97, 59.10
2021,32, 0.416,298.59, 79.53, 40.14, 59.84
2021,33, 0.407,298.18, 77.92, 41.24, 59.58
2021,34, 0.401,297.48, 77.62, 43.37, 60.50
2021,35, 0.394,296.84, 77.43, 40.87, 59.15
2021,36, 0.387,295.99, 78.02, 35.70, 56.86
2021,37, 0.378,294.74, 77.79, 35.28, 56.53
2021,38, 0.368,293.44, 77.55, 36.62, 57.08
2021,39, 0.354,292.20, 77.62, 36.20, 56.91
2021,40, 0.338,290.81, 78.39, 34.44, 56.41
2021,41, 0.319,289.22, 79.17, 33.60, 56.38
2021,42, 0.297,288.28, 79.43, 28.14, 53.79
2021,43, 0.273,287.80, 79.08, 18.52, 48.80
2021,44, 0.253,287.17, 79.52, 11.11, 45.32
2021,45, 0.235,285.99, 80.17,  7.99, 44.08
2021,46, 0.215,284.71, 77.81,  6.46, 42.13
2021,47, 0.196,283.76, 75.59,  3.68, 39.64
2021,48, 0.180,282.57, 72.65,  3.34, 37.99
2021,49, 0.165,280.88, 71.31,  5.79, 38.55
2021,50, 0.152,279.40, 70.84,  7.09, 38.97
2021,51, 0.141,277.68, 69.75, 11.33, 40.54
2021,52, 0.132,274.10, 65.67, 26.62, 46.14
2022, 1, 0.126,271.62, 61.21, 38.50, 49.85
2022, 2, 0.125,269.93, 57.59, 45.85, 51.72
2022, 3, 0.124,270.10, 54.51, 45.33, 49.92
2022, 4, 0.133,272.44, 57.51, 37.96, 47.74
2022, 5, 0.146,273.41, 62.50, 36.77, 49.64
2022, 6, 0.161,275.58, 68.54, 31.43, 49.98
2022, 7, 0.172,277.79, 71.04, 28.67, 49.86
2022, 8, 0.181,279.81, 72.17, 27.21, 49.69
2022, 9, 0.192,281.52, 72.79, 26.26, 49.53
2022,10, 0.202,282.33, 71.22, 30.01, 50.62
2022,11, 0.209,282.90, 68.35, 36.20, 52.28
2022,12, 0.223,284.82, 67.54, 35.24, 51.39
2022,13, 0.238,286.60, 67.29, 35.55, 51.42
2022,14, 0.258,288.93, 68.66, 26.83, 47.75
2022,15, 0.275,290.27, 68.14, 26.41, 47.28
2022,16, 0.294,291.11, 67.49, 29.12, 48.31
2022,17, 0.327,291.83, 69.18, 36.60, 52.89
2022,18, 0.371,292.60, 74.83, 42.64, 58.73
2022,19, 0.414,293.46, 80.28, 42.94, 61.61
2022,20, 0.439,294.12, 82.20, 45.50, 63.85
2022,21, 0.455,294.89, 83.62, 43.96, 63.79
2022,22, 0.466,295.41, 83.97, 45.26, 64.62
2022,23, 0.470,295.75, 82.95, 47.48, 65.22
2022,24, 0.473,296.40, 82.97, 47.97, 65.47
2022,25, 0.474,296.89, 82.96, 48.29, 65.62
2022,26, 0.474,297.22, 84.11, 49.51, 66.81
2022,27, 0.472,297.27, 86.31, 49.89, 68.10
2022,28, 0.470,297.47, 88.37, 49.12, 68.74
2022,29, 0.471,297.52, 90.34, 49.99, 70.16
2022,30, 0.454,298.16, 86.76, 44.75, 65.76
2022,31, 0.445,298.20, 86.31, 44.61, 65.46
2022,32, 0.435,298.21, 85.36, 43.32, 64.34
2022,33, 0.425,297.92, 83.10, 43.45, 63.28
2022,34, 0.416,297.53, 82.06, 43.20, 62.63
2022,35, 0.405,296.99, 80.40, 39.80, 60.10
2022,36, 0.395,296.14, 79.66, 34.58, 57.12
2022,37, 0.385,295.11, 79.25, 31.99, 55.62
2022,38, 0.375,294.10, 79.30, 30.40, 54.85
2022,39, 0.372,292.95, 83.21, 30.27, 56.74
2022,40, 0.360,291.89, 85.32, 26.37, 55.84
2022,41, 0.340,290.36, 86.00, 25.03, 55.52
2022,42, 0.315,288.83, 85.66, 24.43, 55.04
2022,43, 0.286,287.37, 83.29, 21.62, 52.45
2022,44, 0.256,285.98, 80.79, 18.08, 49.43
2022,45, 0.236,284.62, 80.57, 15.28, 47.92
2022,46, 0.207,282.99, 74.65, 14.66, 44.65
2022,47, 0.176,280.78, 66.10, 17.32, 41.71
2022,48, 0.154,278.65, 60.00, 21.30, 40.65
2022,49, 0.144,277.80, 59.95, 19.42, 39.68
2022,50, 0.141,277.95, 64.75, 13.47, 39.11
2022,51, 0.145,278.24, 71.98,  8.86, 40.42
2022,52, 0.151,278.48, 77.86,  6.80, 42.33
2023, 1, 0.152,278.76, 77.34,  5.74, 41.54
2023, 2, 0.160,279.16, 79.55,  5.25, 42.40
2023, 3, 0.166,279.11, 79.43,  6.79, 43.11
2023, 4, 0.171,279.12, 79.08,  9.09, 44.08
2023, 5, 0.176,278.82, 79.46, 13.46, 46.46
2023, 6, 0.182,279.12, 79.86, 15.80, 47.83
2023, 7, 0.188,279.93, 79.30, 18.27, 48.78
2023, 8, 0.195,281.34, 79.00, 19.20, 49.10
2023, 9, 0.207,283.12, 79.88, 17.50, 48.69
2023,10, 0.218,284.39, 78.73, 17.98, 48.35
2023,11, 0.228,285.22, 76.16, 21.45, 48.80
2023,12, 0.243,286.44, 75.78, 23.62, 49.70
2023,13, 0.257,287.11, 74.57, 32.02, 53.29
2023,14, 0.273,288.12, 74.09, 34.68, 54.38
2023,15, 0.290,289.10, 73.53, 38.46, 56.00
2023,16, 0.308,289.73, 72.49, 43.60, 58.04
2023,17, 0.340,290.57, 73.56, 49.70, 61.63
2023,18, 0.369,291.44, 74.43, 54.29, 64.36
2023,19, 0.394,292.24, 74.03, 55.41, 64.72
2023,20, 0.416,293.21, 75.05, 54.31, 64.68
2023,21, 0.436,294.11, 77.43, 51.29, 64.36
2023,22, 0.449,294.70, 78.13, 51.79, 64.96
2023,23, 0.455,295.19, 77.91, 52.15, 65.03
2023,24, 0.459,296.05, 78.22, 50.08, 64.15
2023,25, 0.464,296.85, 80.03, 46.98, 63.50
2023,26, 0.466,297.47, 81.80, 45.64, 63.72
2023,27, 0.464,298.02, 83.90, 41.33, 62.61
2023,28, 0.459,298.52, 85.05, 38.00, 61.52
2023,29, 0.458,298.83, 86.35, 36.87, 61.61
2023,30, 0.456,299.07, 87.37, 35.22, 61.30
2023,31, 0.449,299.20, 87.63, 34.11, 60.87
2023,32, 0.442,299.56, 87.71, 30.09, 58.90
2023,33, 0.437,299.95, 87.19, 23.49, 55.34
2023,34, 0.430,299.90, 86.65, 18.68, 52.67
2023,35, 0.420,299.36, 85.54, 15.41, 50.47
2023,36, 0.408,298.51, 84.22, 12.43, 48.33
2023,37, 0.396,297.49, 82.97, 10.77, 46.87
2023,38, 0.382,296.43, 81.75,  9.71, 45.73
2023,39, 0.366,295.21, 80.87, 10.90, 45.88
2023,40, 0.351,294.04, 81.92, 10.24, 46.08
2023,41, 0.339,292.87, 84.74,  8.84, 46.79
2023,42,-1.000, -1.00, -1.00, -1.00, -1.00
2023,43,-1.000, -1.00, -1.00, -1.00, -1.00
2023,44,-1.000, -1.00, -1.00, -1.00, -1.00
2023,45,-1.000, -1.00, -1.00, -1.00, -1.00
2023,46,-1.000, -1.00, -1.00, -1.00, -1.00
2023,47,-1.000, -1.00, -1.00, -1.00, -1.00
2023,48,-1.000, -1.00, -1.00, -1.00, -1.00
2023,49,-1.000, -1.00, -1.00, -1.00, -1.00
2023,50,-1.000, -1.00, -1.00, -1.00, -1.00
2023,51,-1.000, -1.00, -1.00, -1.00, -1.00
2023,52,-1.000, -1.00, -1.00, -1.00, -1.00
